Age,Weight (kg),Height (m),Max_BPM,Avg_BPM,Resting_BPM,Session_Duration (hours),Fat_Percentage,Water_Intake (liters),Workout_Frequency (days/week),Experience_Level,BMI,Gender_enc,Workout_Type_enc,Calories_Burned
56,88.3,1.71,180,157,60,1.69,12.6,3.5,4,3,30.2,1,3,1313.0
46,74.9,1.53,179,151,66,1.3,33.9,2.1,4,2,32.0,0,1,883.0
32,68.1,1.66,167,122,54,1.11,33.4,2.3,4,2,24.71,0,0,677.0
25,53.2,1.7,190,164,56,0.59,28.8,2.1,3,1,18.41,1,2,532.0
38,46.1,1.79,188,158,68,0.64,29.2,2.8,3,1,14.39,1,2,556.0
56,58.0,1.68,168,156,74,1.59,15.5,2.7,5,3,20.55,0,1,1116.0
36,70.3,1.72,174,169,73,1.49,21.3,2.3,3,2,23.76,1,0,1385.0
40,69.7,1.51,189,141,64,1.27,30.6,1.9,3,2,30.57,0,0,895.0
28,121.7,1.94,185,127,52,1.03,28.9,2.6,4,2,32.34,1,2,719.0
28,101.8,1.84,169,136,64,1.08,29.7,2.7,3,1,30.07,1,0,808.0
41,120.8,1.67,188,146,54,0.82,20.5,3.0,2,1,43.31,1,1,593.0
53,51.7,1.7,175,152,72,1.15,23.6,3.5,3,2,17.89,1,1,865.0
57,112.5,1.61,195,165,61,1.24,22.1,2.7,3,2,43.4,1,0,1013.0
41,94.5,2.0,179,136,69,1.18,27.6,3.7,3,1,23.62,1,1,794.0
20,117.7,1.81,196,161,54,1.35,26.4,3.3,3,2,35.93,1,3,1195.0
39,42.5,1.75,181,131,52,1.13,26.2,2.1,2,1,13.88,0,2,740.0
19,64.0,1.53,166,167,58,1.33,29.8,2.3,3,2,27.34,0,1,1111.0
41,43.8,1.77,182,165,58,1.19,31.9,1.6,3,1,13.98,0,0,884.0
47,66.8,1.75,199,146,56,1.13,32.8,2.5,3,2,21.81,0,2,742.0
55,75.2,1.67,188,167,51,1.37,25.2,2.2,2,1,26.96,0,1,1030.0
19,89.0,1.77,175,127,72,1.5,28.9,3.7,4,2,28.41,1,2,1048.0
38,71.9,1.77,197,142,72,1.12,25.7,3.1,2,1,22.95,1,0,875.0
50,71.0,1.68,187,161,70,1.17,33.1,2.5,2,1,25.16,0,3,848.0
29,120.9,1.78,197,168,65,0.78,28.1,3.4,2,1,38.16,1,3,721.0
39,64.3,1.69,190,148,58,1.25,26.9,1.9,4,2,22.51,0,1,925.0
42,63.7,1.71,173,169,62,1.42,26.1,1.8,3,2,21.78,0,3,1080.0
44,65.2,1.8,192,139,68,0.73,27.2,2.7,2,1,20.12,1,1,502.0
59,53.9,1.75,168,135,69,1.48,21.6,2.8,4,2,17.6,1,2,989.0
45,84.9,1.86,186,136,66,1.64,14.2,3.5,5,3,24.54,1,1,1104.0
33,78.0,1.68,183,135,55,1.29,32.3,1.8,3,2,27.64,0,1,871.0
32,108.2,1.8,172,138,53,1.27,28.4,3.5,3,1,33.4,1,1,964.0
20,65.4,1.52,185,127,50,1.03,28.0,2.2,4,2,28.31,0,3,654.0
54,50.2,1.61,188,157,67,1.48,28.2,2.7,2,1,19.37,0,1,1046.0
24,58.9,1.51,187,157,68,1.04,31.7,2.5,2,1,25.83,0,0,816.0
38,81.4,1.71,187,148,58,1.52,10.2,3.5,5,3,27.84,1,1,1237.0
26,127.6,1.73,167,160,62,1.32,27.3,2.9,3,1,42.63,1,2,1162.0
56,59.3,1.56,182,155,57,1.26,33.4,2.6,4,2,24.37,0,0,879.0
35,96.9,1.71,188,145,72,1.34,24.2,2.9,3,2,33.14,1,2,1069.0
21,62.6,1.81,164,150,62,1.3,27.6,3.5,4,2,19.11,1,2,1072.0
42,45.5,1.6,166,163,64,1.31,21.7,2.6,3,2,17.77,1,2,1057.0
31,48.8,1.51,195,131,60,1.48,28.2,2.0,2,1,21.4,0,0,969.0
26,44.3,1.6,186,136,61,1.08,34.7,2.0,3,1,17.3,0,0,734.0
43,113.2,1.83,161,134,63,1.45,29.9,2.9,4,2,33.8,1,3,962.0
19,60.5,1.59,184,128,53,1.14,30.1,2.2,2,1,23.93,0,0,730.0
37,124.2,1.76,168,158,50,1.5,29.3,2.8,2,1,40.1,1,1,1304.0
45,52.4,1.85,186,161,73,1.2,25.2,2.5,3,1,15.31,1,2,956.0
24,54.7,1.74,160,167,53,0.84,22.9,3.6,3,1,18.07,1,3,772.0
25,88.1,1.95,182,131,68,1.41,22.7,3.0,2,1,23.17,1,0,1016.0
52,59.7,1.71,169,151,58,1.23,34.3,2.0,3,1,20.42,0,2,836.0
31,79.7,1.54,184,144,59,1.03,26.7,2.3,4,2,33.61,0,0,742.0
34,51.0,1.62,162,158,53,1.42,30.8,2.4,3,2,19.43,0,3,1122.0
53,84.2,1.76,165,137,69,1.67,12.8,3.5,5,3,27.18,1,0,1133.0
57,122.1,1.89,165,134,58,1.13,27.4,3.6,3,1,34.18,1,0,750.0
21,96.7,1.72,161,151,62,1.26,25.0,2.8,3,1,32.69,1,2,1046.0
19,73.0,1.79,177,125,61,0.81,27.7,1.6,3,1,22.78,0,1,506.0
23,114.8,1.6,182,163,60,1.47,21.7,2.7,4,2,44.84,1,0,1318.0
59,65.5,1.52,161,162,61,1.4,31.2,2.1,3,2,28.35,0,3,1021.0
21,50.3,1.52,171,154,67,1.08,32.2,2.6,3,1,21.77,0,0,832.0
46,61.0,1.71,181,153,61,1.67,17.8,2.7,4,3,20.86,0,0,1150.0
35,44.6,1.62,196,157,65,0.56,32.4,2.0,2,1,16.99,0,1,440.0
43,58.2,1.61,179,124,54,1.04,26.4,2.6,3,2,22.45,0,2,580.0
51,44.8,1.63,198,137,69,1.08,33.8,2.1,4,2,16.86,0,3,666.0
27,87.5,1.63,183,135,74,1.75,12.9,3.5,5,3,32.93,1,2,1299.0
53,51.8,1.74,179,127,61,1.23,21.3,3.7,3,2,17.11,1,2,773.0
31,64.4,1.7,160,144,70,1.97,17.3,2.7,5,3,22.28,0,2,1418.0
48,67.1,1.61,160,151,74,0.62,33.4,1.5,2,1,25.89,0,0,421.0
32,85.9,1.6,176,145,60,1.99,14.5,3.5,5,3,33.55,1,1,1587.0
25,65.4,1.77,160,141,58,0.89,27.6,2.6,3,1,20.88,0,0,627.0
31,61.1,1.76,189,150,67,1.81,18.6,2.7,4,3,19.72,0,3,1358.0
40,106.5,1.65,162,162,74,1.32,21.0,3.6,4,2,39.12,1,1,1176.0
57,64.0,1.52,170,129,52,1.73,15.2,2.7,5,3,27.7,0,2,1004.0
38,61.4,1.54,183,131,69,1.47,30.6,2.7,3,2,25.89,0,1,963.0
33,40.5,1.63,181,147,66,1.07,31.9,1.5,4,2,15.24,0,3,786.0
35,70.1,1.79,185,125,63,1.08,28.0,2.3,3,2,21.88,1,0,743.0
41,94.1,1.62,172,139,50,1.13,23.4,3.1,4,2,35.86,1,0,777.0
43,55.5,1.82,160,124,66,1.08,20.1,2.0,3,1,16.76,1,2,663.0
42,53.7,1.72,183,142,74,1.37,29.8,1.6,3,1,18.15,0,0,875.0
58,66.1,1.75,169,128,57,0.63,25.2,1.8,2,1,21.58,0,0,363.0
46,103.9,1.77,194,148,54,1.18,20.9,2.9,2,1,33.16,1,3,864.0
32,61.7,1.58,183,135,54,1.87,16.6,2.7,5,3,24.72,0,1,1262.0
18,52.3,1.74,187,165,58,1.2,29.4,2.2,2,1,17.27,0,0,990.0
42,59.5,1.74,195,141,52,1.78,16.4,2.7,5,3,19.65,0,3,1129.0
24,72.9,1.76,175,127,68,0.86,30.8,1.5,3,1,23.53,0,3,546.0
26,76.7,1.63,199,139,72,1.08,25.6,1.7,2,1,28.87,0,2,751.0
41,72.1,1.83,175,133,58,1.13,21.4,2.8,3,2,21.53,1,3,744.0
18,54.8,1.68,176,158,71,1.27,32.0,2.2,4,2,19.42,0,2,1003.0
25,105.0,1.88,174,156,67,1.34,21.4,2.3,3,2,29.71,1,0,1150.0
41,55.0,1.55,175,169,65,1.45,31.4,2.0,4,2,22.89,0,2,1103.0
28,81.6,1.66,174,153,50,1.09,20.5,3.5,4,2,29.61,1,3,917.0
34,75.6,1.6,193,130,51,0.64,29.1,2.7,2,1,29.53,0,1,416.0
25,81.5,1.61,170,159,63,1.93,10.9,3.5,4,3,31.44,1,1,1688.0
52,61.5,1.69,160,152,63,1.8,15.5,2.7,4,3,21.53,0,0,1231.0
52,74.0,1.63,174,150,50,1.26,25.7,3.7,3,2,27.85,1,0,936.0
50,56.4,1.59,185,163,74,1.26,34.3,2.6,3,1,22.31,0,1,924.0
22,102.6,1.84,163,153,65,1.25,20.5,2.7,3,2,30.3,1,2,1052.0
59,54.6,1.57,164,169,64,0.58,29.2,2.3,3,1,22.15,0,0,441.0
56,129.0,1.78,194,126,64,1.29,27.1,2.7,2,1,40.71,1,3,805.0
58,103.5,1.66,172,168,61,1.33,24.6,3.1,3,1,37.56,1,0,1106.0
45,59.4,1.51,169,142,65,1.15,33.1,1.9,4,2,26.05,0,2,735.0
24,60.1,1.79,170,165,63,1.97,15.9,2.7,4,3,18.76,0,0,1625.0
26,77.7,1.62,177,126,73,1.16,29.6,3.0,3,2,29.61,1,3,804.0
25,41.2,1.62,193,144,64,1.49,28.9,2.1,4,2,15.7,0,3,1073.0
29,58.6,1.61,198,122,72,1.2,23.4,2.0,3,2,22.61,1,3,805.0
51,109.3,1.78,182,157,64,0.54,28.7,3.3,3,1,34.5,1,2,420.0
50,69.6,1.96,166,139,68,0.97,25.6,2.0,3,1,18.12,1,2,667.0
40,56.2,1.79,198,153,57,1.79,17.6,2.7,5,3,17.54,0,3,1369.0
41,71.7,1.96,162,168,51,0.51,27.3,2.5,2,1,18.66,1,3,424.0
54,86.0,1.93,171,163,51,1.74,12.9,3.5,5,3,23.09,1,2,1404.0
52,79.4,1.59,166,163,59,1.39,26.6,1.5,3,2,31.41,0,2,1020.0
57,78.4,1.62,185,149,52,1.01,31.7,2.0,4,2,29.87,0,2,677.0
39,55.4,1.6,192,136,72,1.44,26.3,1.6,3,2,21.64,0,1,979.0
44,61.7,1.55,196,129,66,1.41,33.1,2.6,4,2,25.68,0,2,819.0
52,85.5,1.82,174,154,57,1.78,14.9,3.5,4,3,25.81,1,3,1357.0
18,87.6,1.93,161,139,72,1.72,11.9,3.5,4,3,23.52,1,1,1315.0
52,82.4,1.72,166,137,53,1.01,24.4,2.7,4,2,27.85,1,2,685.0
54,67.0,1.68,191,164,63,0.55,20.5,2.8,3,1,23.74,1,3,446.0
31,42.3,1.6,163,163,70,1.09,25.1,1.9,3,2,16.52,0,0,888.0
20,82.7,1.99,179,146,59,1.69,14.6,3.5,5,3,20.88,1,1,1357.0
18,92.4,1.74,195,168,50,1.41,21.3,3.1,2,1,30.52,1,3,1303.0
22,63.2,1.54,191,155,53,1.02,29.5,2.4,4,2,26.65,0,0,790.0
43,82.7,1.85,187,142,50,1.22,28.2,3.1,4,2,24.16,1,3,858.0
31,86.6,1.76,172,151,66,1.29,28.9,3.3,3,2,27.96,1,2,1071.0
56,129.5,1.95,160,129,66,1.0,25.2,3.5,2,1,34.06,1,2,639.0
44,98.0,1.83,194,130,56,1.28,25.7,3.5,4,2,29.26,1,0,824.0
26,86.2,1.68,189,157,72,1.97,13.3,3.5,5,3,30.54,1,2,1701.0
32,78.6,1.62,195,125,69,1.28,29.6,3.1,3,1,29.95,1,3,880.0
32,59.0,1.66,184,160,64,0.51,31.0,1.8,2,1,21.41,0,0,408.0
43,57.3,1.79,175,166,62,1.98,17.8,2.7,4,3,17.88,0,3,1479.0
59,122.3,1.89,178,153,51,0.66,20.1,3.1,3,1,34.24,1,3,500.0
30,85.3,1.95,160,155,68,1.61,10.4,3.5,5,3,22.43,1,3,1373.0
49,45.2,1.74,164,156,73,1.24,30.8,2.1,3,2,14.93,0,2,870.0
56,55.6,1.92,181,136,62,0.68,29.4,3.2,3,1,15.08,1,2,458.0
49,82.8,1.95,183,159,73,1.91,14.3,3.5,5,3,21.78,1,3,1503.0
21,125.2,1.66,196,159,60,1.38,29.8,3.4,3,2,45.43,1,1,1207.0
47,58.5,1.79,195,131,71,1.42,30.3,2.4,4,2,18.26,0,3,837.0
54,86.1,1.95,195,140,64,1.17,27.9,3.4,2,1,22.64,1,3,811.0
40,63.5,1.61,163,159,59,1.31,33.4,1.6,3,2,24.5,0,0,1041.0
56,69.3,1.68,195,138,58,0.66,26.5,2.1,2,1,24.55,1,3,451.0
32,70.5,1.62,177,122,58,1.24,28.4,1.8,2,1,26.86,0,2,756.0
46,60.1,1.65,175,137,69,1.69,17.3,2.7,4,3,22.08,0,0,1042.0
53,94.1,1.95,177,138,50,0.89,28.6,3.5,3,1,24.75,1,1,608.0
30,79.2,1.62,181,166,66,1.26,28.0,2.5,4,2,30.18,0,0,1046.0
49,115.3,1.91,161,125,61,1.38,29.2,3.2,2,1,31.61,1,1,854.0
24,62.9,1.79,180,135,59,1.42,27.3,2.3,4,2,19.63,0,0,958.0
39,62.0,1.64,195,127,54,0.97,27.5,3.2,3,1,23.05,1,0,678.0
45,88.5,1.78,198,167,67,1.53,13.2,3.5,4,3,27.93,1,1,1265.0
19,73.9,1.77,198,137,64,1.28,32.5,2.6,3,2,23.59,0,2,877.0
59,50.3,1.95,188,167,55,1.07,24.4,3.4,3,1,13.23,1,2,885.0
23,83.1,1.8,185,162,56,0.7,29.3,3.1,3,1,25.65,1,2,624.0
45,65.1,1.78,180,158,66,1.46,31.3,2.3,3,1,20.55,0,0,1038.0
45,46.6,1.79,176,168,55,1.46,22.9,2.4,3,2,14.54,1,3,1214.0
37,103.5,1.89,175,168,57,0.54,26.4,3.1,2,1,28.97,1,0,499.0
47,61.9,1.54,190,131,61,1.95,16.4,2.7,4,3,26.1,0,3,1150.0
28,52.0,1.61,168,164,70,1.32,27.9,2.0,3,2,20.06,0,3,1082.0
45,113.4,1.71,190,129,63,0.83,24.0,2.3,2,1,38.78,1,2,530.0
42,62.9,1.98,173,126,61,1.42,28.5,3.4,4,2,16.04,1,3,886.0
56,40.4,1.8,196,165,72,1.23,30.0,2.1,4,2,12.47,0,0,913.0
50,67.1,1.75,161,120,59,0.67,31.8,2.7,3,1,21.91,0,0,362.0
18,70.0,1.61,173,168,71,1.3,23.9,2.5,2,1,27.01,1,2,1201.0
44,69.5,1.75,192,155,69,1.02,27.6,2.1,3,1,22.69,0,1,711.0
30,107.9,1.66,194,140,64,1.08,29.5,2.8,3,2,39.16,1,0,832.0
58,109.0,1.91,198,156,56,1.49,26.0,2.2,3,2,29.88,1,3,1151.0
20,101.0,1.91,179,143,58,1.36,29.3,2.7,3,2,27.69,1,0,1070.0
56,88.5,1.85,161,144,59,1.57,11.0,3.5,4,3,25.86,1,0,1119.0
23,80.9,1.8,178,126,59,1.55,10.7,3.5,4,3,24.97,1,0,1074.0
25,43.1,1.62,196,161,65,1.04,33.6,1.8,4,2,16.42,0,1,837.0
44,59.1,1.52,177,136,56,1.58,18.4,2.7,5,3,25.58,0,3,967.0
26,54.0,1.53,175,148,54,1.14,26.9,1.7,3,1,23.07,0,2,844.0
54,72.3,1.78,163,149,72,1.27,27.7,1.8,2,1,22.82,0,0,852.0
50,51.1,1.98,171,126,52,0.92,28.0,2.4,2,1,13.03,1,3,574.0
59,89.4,1.72,188,152,67,1.08,24.5,3.2,3,1,30.22,1,3,813.0
41,51.5,1.8,166,126,60,1.09,26.7,2.1,4,2,15.9,1,2,680.0
32,87.9,1.88,173,143,64,1.52,11.6,3.5,5,3,24.87,1,0,1195.0
49,42.0,1.52,171,130,70,1.1,28.8,2.2,3,1,18.18,0,1,644.0
49,79.2,1.72,194,128,69,1.46,29.9,3.3,3,1,26.77,1,3,925.0
41,64.8,1.71,164,131,54,1.2,22.5,2.8,3,2,22.16,1,2,778.0
58,63.0,1.78,176,154,73,1.58,17.5,2.7,4,3,19.88,0,1,1095.0
29,56.2,1.77,191,123,61,0.68,33.4,2.6,3,1,17.94,0,3,418.0
56,52.9,1.64,169,155,53,1.1,27.4,2.3,3,2,19.67,0,0,767.0
19,49.0,1.69,176,147,64,1.05,29.2,2.4,3,1,17.16,0,3,772.0
20,128.2,1.84,164,132,58,0.83,26.2,2.3,3,1,37.87,1,1,603.0
54,83.6,1.86,168,142,56,1.54,12.4,3.5,5,3,24.16,1,1,1082.0
34,56.2,1.77,192,138,59,1.81,17.3,2.7,5,3,17.94,0,0,1249.0
19,87.8,1.78,195,161,72,1.28,23.6,3.3,2,1,27.71,1,0,1133.0
19,85.9,1.85,195,156,62,1.66,12.9,3.5,4,3,25.1,1,2,1424.0
45,51.1,1.87,177,158,57,1.44,26.2,3.4,4,2,14.61,1,0,1126.0
40,57.4,1.71,168,143,61,1.87,18.3,2.7,5,3,19.63,0,2,1337.0
54,114.9,1.92,188,135,71,1.2,20.7,2.6,4,2,31.17,1,1,802.0
49,62.1,1.66,173,152,73,1.37,31.3,1.8,3,2,22.54,0,1,937.0
50,57.1,1.91,184,131,68,1.09,29.5,2.7,4,2,15.65,1,3,707.0
18,68.1,1.8,174,153,50,1.1,25.4,3.3,4,2,21.02,1,3,926.0
36,69.2,1.65,165,126,65,1.23,27.2,2.7,3,1,25.42,1,2,852.0
19,65.2,1.52,188,130,71,1.23,30.6,2.4,3,1,28.22,0,0,800.0
43,108.6,1.73,174,150,66,1.33,28.5,2.2,2,1,36.29,1,0,988.0
49,40.0,1.65,188,148,74,1.03,34.3,2.5,3,2,14.69,0,3,686.0
23,41.9,1.58,163,132,67,0.56,26.8,1.8,3,1,16.78,0,1,370.0
49,68.3,1.52,177,150,60,1.45,29.4,1.8,4,2,29.56,0,2,979.0
21,88.4,1.6,198,121,67,1.71,12.0,3.5,4,3,34.53,1,1,1138.0
28,66.0,1.9,175,158,56,1.18,24.1,3.0,3,1,18.28,1,1,1025.0
34,71.9,1.64,170,134,67,1.26,21.3,2.1,4,2,26.73,1,0,929.0
55,75.6,1.71,173,130,57,1.03,28.1,2.0,4,2,25.85,1,2,663.0
41,63.4,1.59,162,153,55,1.84,15.2,2.7,5,3,25.08,0,1,1267.0
22,71.6,1.77,197,158,56,1.49,30.3,1.8,3,1,22.85,0,3,1177.0
51,57.4,1.77,177,123,72,1.08,31.6,2.1,4,2,18.32,0,3,598.0
23,83.8,1.99,179,130,71,1.79,11.0,3.5,4,3,21.16,1,0,1280.0
39,55.9,1.71,184,148,59,1.95,19.5,2.7,5,3,19.12,0,3,1443.0
28,87.0,1.76,197,121,60,1.2,28.4,3.5,3,2,28.09,1,3,799.0
33,65.3,1.71,172,135,74,1.18,29.7,2.5,4,2,22.33,0,1,796.0
50,45.4,1.67,163,158,62,1.37,24.1,2.8,4,2,16.28,1,3,1071.0
26,87.1,1.87,173,132,58,1.71,11.2,3.5,4,3,24.91,1,3,1241.0
23,78.6,1.73,192,156,56,1.47,32.3,1.5,4,2,26.26,0,1,1147.0
33,78.0,1.71,187,136,58,1.08,26.3,2.1,3,1,26.67,0,0,734.0
46,58.0,1.53,196,140,62,1.83,18.4,2.7,4,3,24.78,0,0,1153.0
20,71.3,1.69,167,163,52,1.28,33.4,2.3,3,2,24.96,0,2,1043.0
37,49.1,1.74,193,138,52,1.11,22.3,2.6,3,2,16.22,1,3,842.0
53,78.3,1.65,164,126,50,1.24,33.7,1.6,3,1,28.76,0,1,703.0
36,57.3,1.64,164,157,70,1.13,25.3,1.8,4,2,21.3,0,2,887.0
43,48.4,1.61,190,127,69,1.28,34.1,2.4,2,1,18.67,0,0,732.0
20,76.4,1.62,168,132,51,1.35,21.2,2.6,4,2,29.11,1,0,980.0
36,110.2,1.77,191,156,74,1.19,26.5,3.4,2,1,35.18,1,1,1021.0
37,72.9,1.76,192,121,52,1.21,27.5,1.9,3,2,23.53,0,2,732.0
49,82.1,1.86,162,160,64,1.87,14.2,3.5,4,3,23.73,1,2,1481.0
24,58.9,1.76,189,130,73,0.63,30.1,1.7,3,1,19.01,0,1,410.0
58,82.2,1.87,171,143,55,1.57,10.7,3.5,4,3,23.51,1,1,1111.0
50,96.7,1.72,188,125,62,1.46,25.7,2.7,3,2,32.69,1,2,903.0
57,81.4,1.86,162,145,70,1.8,12.0,3.5,5,3,23.53,1,0,1292.0
56,107.8,1.73,185,126,50,1.09,26.6,2.8,3,2,36.02,1,3,680.0
35,65.8,1.62,189,158,69,1.0,33.8,1.5,4,2,25.07,0,0,790.0
57,68.5,1.56,168,138,68,1.45,29.1,1.6,4,2,28.15,0,1,900.0
18,63.9,1.59,185,125,50,1.87,16.4,2.7,4,3,25.28,0,2,1169.0
28,76.3,1.62,161,162,70,1.16,20.1,2.3,3,2,29.07,1,2,1034.0
45,44.5,1.65,162,148,71,1.44,30.7,1.6,3,1,16.35,0,3,959.0
42,50.7,1.75,163,162,51,1.29,29.0,1.9,3,2,16.56,0,2,940.0
40,55.1,1.61,184,158,64,1.55,16.9,2.7,4,3,21.26,0,3,1224.0
48,73.7,1.61,172,121,63,1.36,21.8,3.6,4,2,28.43,1,0,815.0
47,55.6,1.77,198,138,68,1.2,24.3,2.9,4,2,17.75,1,0,820.0
59,86.9,1.76,194,123,60,1.13,29.8,3.1,3,2,28.05,1,2,688.0
52,60.3,1.68,182,125,64,1.6,16.5,2.7,4,3,21.36,0,2,900.0
24,40.4,1.64,168,168,55,0.99,31.0,1.9,2,1,15.02,0,1,832.0
33,78.5,1.66,161,156,69,1.29,32.8,1.9,4,2,28.49,0,1,1006.0
43,102.6,1.72,190,147,58,0.82,27.5,2.0,2,1,34.68,1,2,597.0
19,110.8,1.91,161,149,54,1.31,23.3,2.9,2,1,30.37,1,2,1074.0
18,60.9,1.79,191,126,69,1.11,31.1,2.1,2,1,19.01,0,0,699.0
29,55.7,1.61,177,128,51,1.41,28.7,2.3,3,1,21.49,1,2,993.0
22,110.5,1.92,172,144,55,1.16,20.2,3.3,3,2,29.98,1,1,919.0
54,55.2,1.71,164,152,67,0.77,24.4,2.8,2,1,18.88,1,0,579.0
49,46.5,1.72,169,120,72,1.4,22.2,2.6,4,2,15.72,1,3,832.0
26,70.9,1.66,184,125,68,0.81,28.9,1.7,3,1,25.73,0,1,506.0
58,74.6,1.75,193,137,58,1.09,24.2,2.9,2,1,24.36,1,1,739.0
52,45.1,1.72,196,129,70,0.93,27.5,3.3,2,1,15.24,1,0,594.0
36,99.9,1.99,189,147,73,1.33,20.9,2.5,3,1,25.23,1,3,1075.0
33,117.0,1.61,166,130,55,1.04,25.1,2.4,3,2,45.14,1,1,744.0
20,75.9,1.73,165,152,63,1.39,30.6,2.1,4,2,25.36,0,2,1056.0
37,71.2,1.64,162,120,73,1.11,29.9,1.7,3,2,26.47,0,1,666.0
41,78.8,1.72,172,132,62,1.01,27.3,3.1,4,2,26.64,1,0,660.0
50,50.6,1.69,162,156,60,1.31,23.8,3.0,2,1,17.72,1,0,1012.0
41,82.5,1.79,185,139,61,1.69,14.7,3.5,4,3,25.75,1,0,1163.0
28,108.5,1.79,183,120,68,1.33,24.8,2.1,4,2,33.86,1,1,878.0
25,49.9,1.98,165,122,68,1.15,25.7,2.1,3,2,12.73,1,3,772.0
53,125.1,1.91,171,137,70,0.52,28.3,3.1,2,1,34.29,1,2,353.0
55,79.7,1.66,195,160,68,1.06,27.8,1.9,2,1,28.92,0,0,763.0
57,126.8,1.63,161,133,73,0.96,20.8,2.1,2,1,47.72,1,3,632.0
37,54.6,1.57,170,150,62,1.31,32.1,2.4,3,1,22.15,0,2,982.0
52,47.8,1.54,198,146,63,1.34,29.8,1.9,3,2,20.16,0,0,880.0
42,97.9,1.91,193,136,73,1.01,29.0,2.8,3,2,26.84,1,2,680.0
52,63.1,1.54,185,165,67,1.36,34.8,1.8,3,2,26.61,0,2,1010.0
42,72.4,1.69,177,148,61,1.07,29.0,2.3,3,2,25.35,0,3,713.0
46,58.9,1.7,180,155,53,1.52,17.1,2.7,4,3,20.38,0,2,1060.0
35,50.4,1.6,195,156,59,1.03,29.1,1.9,4,2,19.69,0,0,803.0
35,64.2,1.59,199,145,66,1.63,16.6,2.7,5,3,25.39,0,3,1182.0
19,58.8,1.77,181,136,53,1.4,32.8,2.7,2,1,18.77,0,1,952.0
52,105.2,1.62,189,141,61,1.36,27.6,3.2,3,1,40.09,1,1,949.0
33,45.9,1.5,189,144,62,0.92,29.8,1.7,3,1,20.4,0,3,662.0
58,65.2,1.63,167,121,53,1.12,25.4,2.0,3,2,24.54,0,1,610.0
53,56.3,1.79,193,141,59,1.52,16.5,2.7,5,3,17.57,0,2,964.0
50,90.0,1.7,168,124,74,0.81,22.9,2.7,2,1,31.14,1,0,497.0
21,60.0,1.7,179,123,52,1.97,19.1,2.7,5,3,20.76,0,2,1212.0
50,51.5,1.71,199,155,64,1.48,20.9,2.9,2,1,17.61,1,3,1136.0
31,63.1,1.64,184,125,51,1.54,19.0,2.7,4,3,23.46,0,0,962.0
38,91.5,1.77,178,140,74,0.8,26.7,3.4,2,1,29.21,1,3,616.0
37,48.7,1.67,164,132,74,1.39,27.3,3.0,2,1,17.46,1,3,1009.0
25,57.8,1.56,170,156,66,1.35,29.3,1.6,3,2,23.75,0,3,1053.0
24,42.0,1.75,174,144,55,0.83,31.8,2.3,3,1,13.71,0,2,598.0
20,128.4,1.92,167,145,57,0.63,26.1,2.0,2,1,34.83,1,0,502.0
34,74.2,1.57,178,158,52,1.47,32.7,2.4,3,1,30.1,0,0,1161.0
50,89.6,1.68,182,139,74,1.79,12.2,3.5,5,3,31.75,1,0,1232.0
29,125.9,2.0,186,152,67,1.36,24.7,3.1,4,2,31.48,1,2,1137.0
39,105.5,1.99,199,133,71,0.81,26.4,2.5,2,1,26.64,1,1,593.0
39,93.4,1.7,191,155,50,1.1,21.1,2.5,4,2,32.32,1,2,938.0
47,82.1,1.84,185,136,65,1.37,24.4,3.4,4,2,24.25,1,2,922.0
55,42.9,1.69,186,140,56,0.9,34.7,2.4,2,1,15.02,0,3,567.0
55,128.4,1.68,178,165,52,1.13,20.4,2.6,4,2,45.49,1,0,923.0
25,112.4,1.96,188,135,72,1.42,23.2,2.5,2,1,29.26,1,0,1054.0
44,77.7,1.79,198,165,53,1.41,28.1,2.2,3,1,24.25,0,1,1047.0
44,89.3,1.99,192,135,58,1.4,26.3,2.0,4,2,22.55,1,1,936.0
51,70.3,1.55,178,139,54,1.4,26.1,1.6,3,1,29.26,0,3,876.0
38,59.1,1.72,196,148,68,1.07,31.3,1.7,3,2,19.98,0,0,792.0
47,49.9,1.69,178,147,64,1.48,26.0,1.7,3,2,17.47,0,1,979.0
50,101.7,1.67,192,127,57,0.53,20.9,2.9,2,1,36.47,1,1,333.0
45,93.0,1.91,175,143,55,1.03,27.3,3.7,3,2,25.49,1,0,729.0
50,87.4,1.6,182,122,67,0.77,23.2,3.1,2,1,34.14,1,2,465.0
22,55.1,1.61,166,144,68,1.62,19.9,2.7,4,3,21.26,0,1,1166.0
36,123.7,1.69,185,138,73,1.3,20.4,2.1,4,2,43.31,1,0,987.0
21,61.3,1.57,191,152,64,1.94,17.2,2.7,4,3,24.87,0,1,1474.0
52,72.3,1.94,171,121,56,1.46,21.1,2.9,3,2,19.21,1,3,874.0
34,69.2,1.53,167,134,59,1.36,28.5,2.1,2,1,29.56,0,1,911.0
45,81.4,1.61,164,141,55,1.14,30.0,2.2,4,2,31.4,1,0,796.0
47,84.8,1.86,187,129,63,1.85,14.4,3.5,5,3,24.51,1,1,1181.0
46,55.1,1.72,164,137,66,1.43,20.5,3.6,3,2,18.62,1,3,970.0
23,59.0,1.78,185,141,58,1.67,17.8,2.7,5,3,18.62,0,3,1177.0
52,64.9,1.51,164,165,68,1.83,18.2,2.7,4,3,28.46,0,1,1359.0
58,109.7,1.75,181,168,54,1.01,22.1,2.7,2,1,35.82,1,1,840.0
54,78.4,1.9,174,146,72,0.81,21.5,3.7,2,1,21.72,1,3,585.0
41,76.7,1.79,172,132,56,1.4,34.0,2.0,4,2,23.94,0,3,832.0
46,63.1,1.61,187,152,68,1.0,34.7,2.2,4,2,24.34,0,2,684.0
48,62.9,1.58,192,124,69,1.98,20.0,2.7,4,3,25.2,0,2,1105.0
52,85.6,1.74,182,145,56,1.84,13.9,3.5,4,3,28.27,1,3,1321.0
50,66.3,1.57,192,132,73,1.25,31.6,1.6,2,1,26.9,0,1,742.0
38,61.3,1.97,177,146,51,1.37,23.5,2.8,3,1,15.8,1,0,1100.0
49,44.1,1.65,189,133,74,1.16,26.7,1.8,4,2,16.2,0,1,694.0
40,63.8,1.62,185,143,72,1.3,20.8,3.4,2,1,24.31,1,1,1022.0
50,55.4,1.55,175,122,65,1.85,18.5,2.7,4,3,23.06,0,2,1016.0
20,74.7,1.58,172,166,62,1.04,32.8,2.4,3,2,29.92,0,2,863.0
35,78.0,1.67,198,168,57,1.13,33.3,2.5,4,2,27.97,0,2,949.0
42,57.5,1.67,192,149,55,1.14,34.1,2.4,2,1,20.62,0,3,764.0
59,60.7,1.73,185,154,55,1.03,33.8,2.5,3,2,20.28,0,3,714.0
48,69.0,1.74,160,167,58,1.48,30.0,2.3,3,2,22.79,1,1,1223.0
20,75.8,1.78,197,133,53,1.42,27.4,2.0,4,2,23.92,0,1,944.0
57,75.7,1.63,161,131,60,0.69,32.6,2.3,3,1,28.49,0,0,407.0
41,71.2,1.64,165,147,54,1.42,30.9,2.3,3,2,26.47,0,1,939.0
49,85.0,1.68,197,163,74,1.82,11.3,3.5,4,3,30.12,1,1,1468.0
39,63.6,1.56,183,148,66,1.22,34.8,2.4,2,1,26.13,0,2,903.0
40,73.2,1.94,177,162,69,0.81,29.0,2.4,2,1,19.45,1,2,722.0
19,48.3,1.52,186,136,56,0.96,26.3,1.6,2,1,20.91,0,2,653.0
44,42.8,1.78,167,159,64,1.49,25.3,2.6,3,2,13.51,0,2,1066.0
59,88.1,1.76,187,168,74,1.35,26.9,3.0,3,2,28.44,1,2,1123.0
19,72.4,1.75,169,140,64,1.2,31.0,1.7,4,2,23.64,0,0,840.0
43,73.2,1.88,176,142,63,1.17,29.4,3.3,3,1,20.71,1,0,822.0
34,110.5,1.86,188,139,62,1.42,22.3,3.6,2,1,31.94,1,0,1086.0
57,46.1,1.76,165,130,60,1.44,25.8,1.7,3,2,14.88,0,2,842.0
50,90.8,1.71,173,153,62,1.07,22.6,3.4,4,2,31.05,1,3,810.0
26,59.3,1.51,181,129,71,1.7,15.1,2.7,5,3,26.01,0,2,1096.0
56,45.1,1.73,165,129,73,0.83,25.4,2.6,3,1,15.07,0,2,482.0
46,45.0,1.77,185,162,58,1.48,29.1,3.6,3,2,14.36,1,0,1187.0
59,89.4,1.62,198,125,59,1.43,23.5,3.6,3,2,34.06,1,2,885.0
43,127.7,1.69,171,155,53,1.14,24.1,2.9,3,2,44.71,1,0,875.0
52,70.9,1.72,194,143,66,1.31,20.2,2.6,3,2,23.97,1,2,927.0
42,49.2,1.5,173,131,63,1.15,27.7,1.5,3,2,21.87,0,1,678.0
41,62.3,1.79,181,162,73,1.99,19.0,2.7,5,3,19.44,0,3,1451.0
30,64.1,1.87,182,142,67,0.64,26.2,2.1,2,1,18.33,1,3,500.0
24,69.7,1.75,166,146,60,1.41,32.5,2.0,3,1,22.76,0,0,1029.0
53,56.9,1.59,199,164,65,1.49,29.5,2.0,3,2,22.51,0,1,1100.0
37,53.0,1.71,184,156,50,1.13,28.1,1.7,4,2,18.13,0,3,881.0
18,72.7,1.55,172,125,56,0.84,29.8,2.0,3,1,30.26,0,0,525.0
25,76.5,1.96,180,120,59,0.67,23.2,2.3,3,1,19.91,1,2,442.0
33,113.6,1.99,169,125,58,1.38,28.4,3.4,2,1,28.69,1,2,949.0
31,62.5,1.62,168,169,74,1.56,16.5,2.7,4,3,23.81,0,1,1318.0
29,95.2,1.86,174,141,52,0.64,26.6,2.5,2,1,27.52,1,3,496.0
40,51.7,1.82,161,160,71,0.9,21.4,3.0,3,1,15.61,1,2,792.0
32,105.3,1.67,184,143,72,0.57,26.9,2.9,3,1,37.76,1,0,448.0
45,71.2,1.68,172,144,63,1.37,34.1,1.6,3,1,25.23,0,2,888.0
51,78.1,1.51,193,134,74,0.92,31.1,2.6,3,1,34.25,0,2,555.0
19,50.6,1.68,193,145,64,1.21,30.6,2.1,3,2,17.93,0,3,877.0
49,70.2,1.89,194,127,51,0.7,29.6,2.6,3,1,19.65,1,3,440.0
40,62.6,1.53,197,143,73,1.93,18.1,2.7,5,3,26.74,0,0,1380.0
39,60.6,1.65,162,167,63,0.92,27.6,1.7,3,1,22.26,0,1,768.0
42,76.4,1.97,165,157,65,1.14,22.9,2.6,3,2,19.69,1,1,886.0
39,63.3,1.71,178,125,56,1.88,18.5,2.7,4,3,21.65,0,2,1175.0
39,68.6,1.64,162,154,53,1.33,32.4,1.5,3,2,25.51,0,0,1024.0
59,123.3,1.88,177,161,67,1.3,23.0,2.6,4,2,34.89,1,1,1036.0
23,107.0,1.94,198,120,73,1.35,23.5,2.9,2,1,28.43,1,1,891.0
32,68.3,1.92,168,165,54,1.42,29.9,3.5,2,1,18.53,1,2,1289.0
54,47.8,1.6,171,155,55,1.19,26.0,2.3,4,2,18.67,0,0,830.0
50,58.4,1.79,164,131,56,1.6,17.0,2.7,4,3,18.23,0,1,943.0
25,74.3,1.71,162,157,64,1.43,25.6,1.6,3,2,25.41,0,3,1123.0
22,106.8,1.82,170,130,50,1.0,28.2,2.3,4,2,32.24,1,3,715.0
56,125.5,1.8,189,131,73,1.26,20.9,2.7,4,2,38.73,1,2,817.0
21,55.2,1.55,163,161,53,1.37,31.7,1.7,4,2,22.98,0,2,1103.0
23,71.4,1.72,164,169,74,1.25,25.6,1.5,2,1,24.13,0,2,1056.0
49,77.7,1.61,160,158,50,1.03,26.7,3.4,3,2,29.98,1,2,806.0
47,88.4,1.6,186,126,60,1.86,14.2,3.5,5,3,34.53,1,1,1160.0
52,104.8,1.99,187,130,67,0.93,24.0,2.0,2,1,26.46,1,0,598.0
57,82.2,1.69,188,155,63,1.15,25.2,3.4,4,2,28.78,1,2,882.0
33,68.2,1.75,177,150,71,0.85,29.0,1.7,2,1,22.27,0,2,638.0
30,91.4,1.99,171,152,60,1.37,23.0,3.7,3,2,23.08,1,1,1145.0
59,42.1,1.65,172,132,59,1.22,33.0,2.2,2,1,15.46,0,2,725.0
47,68.7,1.76,161,137,66,1.37,27.7,2.4,3,2,22.18,0,2,845.0
36,47.2,1.74,196,160,53,1.5,32.2,1.6,4,2,15.59,0,0,1200.0
34,92.0,1.76,175,143,73,0.73,22.1,3.5,3,1,29.7,1,3,574.0
36,56.2,1.95,183,128,64,1.09,22.5,3.4,4,2,14.78,1,2,767.0
45,58.4,1.72,194,150,65,1.31,23.4,3.1,4,2,19.74,1,1,973.0
43,82.9,1.95,181,160,70,1.9,12.9,3.5,5,3,21.8,1,0,1505.0
54,66.9,1.74,195,129,62,1.24,29.5,2.1,2,1,22.1,0,1,720.0
43,66.3,1.85,170,121,58,1.18,27.5,3.2,2,1,19.37,1,0,707.0
40,93.6,1.93,188,157,60,1.38,22.1,2.0,3,1,25.13,1,0,1192.0
26,64.1,1.5,194,134,60,1.93,15.1,2.7,5,3,28.49,0,2,1293.0
29,86.7,1.62,174,122,55,1.52,13.9,3.5,4,3,33.04,1,2,1020.0
18,62.0,1.59,190,162,50,1.23,33.2,2.2,4,2,24.52,0,2,996.0
18,58.1,1.61,175,150,71,1.9,15.3,2.7,4,3,22.41,0,3,1425.0
51,64.9,1.6,169,125,55,1.49,31.1,2.5,4,2,25.35,0,3,838.0
49,69.3,1.62,191,122,62,1.14,28.8,1.9,4,2,26.41,0,1,626.0
42,42.7,1.74,161,130,71,1.04,32.9,1.6,3,1,14.1,0,2,608.0
57,51.4,1.63,183,134,73,1.2,33.7,2.0,4,2,19.35,0,3,724.0
18,67.4,1.6,182,164,71,0.6,33.5,2.4,3,1,26.33,0,2,492.0
33,55.6,1.61,161,147,54,1.77,18.9,2.7,4,3,21.45,0,3,1301.0
56,125.3,1.86,197,129,64,1.0,22.7,2.2,3,2,36.22,1,3,639.0
22,102.1,1.85,190,157,67,1.48,28.1,2.4,4,2,29.83,1,0,1278.0
39,61.9,1.77,199,166,69,1.32,25.3,2.3,3,1,19.76,1,2,1205.0
46,108.8,1.64,185,169,63,1.4,20.5,3.4,3,1,40.45,1,2,1171.0
20,51.1,1.58,188,169,64,0.5,29.6,1.6,2,1,20.47,0,3,422.0
29,81.7,1.99,162,126,54,1.45,29.4,3.2,2,1,20.63,1,2,1005.0
43,42.7,1.66,173,134,53,0.73,33.9,1.9,2,1,15.5,0,3,440.0
33,81.8,1.99,184,137,51,1.59,10.5,3.5,4,3,20.66,1,2,1198.0
54,54.6,1.76,160,137,56,1.28,27.4,3.3,4,2,17.63,1,0,868.0
39,107.7,1.88,162,160,59,0.72,28.1,3.6,2,1,30.47,1,2,634.0
46,56.9,1.6,185,143,65,0.88,27.7,1.6,3,1,22.23,0,0,566.0
31,78.8,1.71,177,121,59,1.49,24.7,2.5,4,2,26.95,1,1,992.0
45,48.2,1.64,168,159,67,1.25,32.1,2.5,4,2,17.92,0,2,894.0
22,50.7,1.59,197,139,66,1.27,29.4,1.8,3,2,20.05,0,2,883.0
47,86.6,1.99,182,153,70,1.98,10.6,3.5,4,3,21.87,1,2,1500.0
22,96.3,1.63,180,162,62,1.35,27.1,2.4,4,2,36.25,1,0,1203.0
29,80.8,1.98,160,145,50,1.65,14.6,3.5,5,3,20.61,1,2,1316.0
33,58.0,1.53,180,126,50,1.84,18.3,2.7,5,3,24.78,0,2,1159.0
43,95.9,1.85,186,157,64,1.28,27.7,3.4,2,1,28.02,1,3,995.0
43,61.5,1.58,165,149,50,1.86,16.8,2.7,5,3,24.64,0,1,1247.0
38,40.6,1.79,195,161,55,0.62,26.8,2.7,2,1,12.67,0,0,499.0
56,82.5,1.87,187,124,74,1.51,13.2,3.5,5,3,23.59,1,3,927.0
53,105.1,1.84,176,130,62,0.69,23.3,2.9,3,1,31.04,1,0,444.0
50,58.1,1.58,199,120,50,1.93,19.3,2.7,5,3,23.27,0,3,1042.0
47,61.0,1.76,162,153,54,1.54,15.6,2.7,5,3,19.69,0,1,1060.0
54,64.5,1.53,171,120,58,1.74,17.2,2.7,4,3,27.55,0,3,940.0
40,58.2,1.98,198,138,74,1.43,24.0,2.5,3,2,14.85,1,0,1085.0
27,69.5,1.76,171,121,66,0.94,34.4,2.0,3,1,22.44,0,2,569.0
22,62.2,1.84,161,140,65,0.51,21.5,2.3,3,1,18.37,1,2,393.0
53,68.0,1.7,181,139,57,1.06,25.1,2.4,4,2,23.53,0,1,663.0
51,56.3,1.5,182,142,66,1.43,27.4,2.4,3,1,25.02,0,0,914.0
48,94.5,1.7,189,140,64,1.01,28.2,3.5,3,2,32.7,1,0,700.0
27,58.0,1.79,164,143,73,1.39,27.1,1.5,2,1,18.1,0,0,994.0
36,84.0,1.94,168,123,50,1.8,11.2,3.5,5,3,22.32,1,1,1218.0
49,61.0,1.87,180,131,61,1.14,21.3,3.0,4,2,17.44,1,2,739.0
18,64.8,1.53,170,141,54,1.98,18.6,2.7,5,3,27.68,0,3,1396.0
22,45.7,1.77,164,139,73,1.04,20.7,2.4,3,1,14.59,1,1,795.0
21,80.9,1.9,194,137,55,1.8,11.7,3.5,4,3,22.41,1,3,1356.0
33,64.1,1.63,186,120,74,1.58,16.4,2.7,5,3,24.13,0,2,948.0
41,67.0,1.77,161,149,50,1.22,25.6,2.6,3,2,21.39,1,1,900.0
33,106.5,1.6,183,152,74,1.4,27.3,3.3,4,2,41.6,1,2,1170.0
19,95.1,1.85,190,143,50,1.21,25.3,2.3,4,2,27.79,1,3,952.0
45,65.5,1.57,192,133,59,0.66,34.3,2.3,2,1,26.57,0,0,395.0
49,105.7,1.64,198,155,59,1.2,29.5,3.1,3,2,39.3,1,0,921.0
44,48.0,1.76,189,124,52,0.88,28.6,2.6,2,1,15.5,0,3,491.0
37,69.5,1.5,196,130,66,0.69,32.8,2.4,2,1,30.89,0,0,448.0
41,66.1,1.69,187,143,68,0.77,27.4,3.4,2,1,23.14,1,3,545.0
29,68.0,1.7,190,150,60,0.76,28.9,2.9,2,1,23.53,1,1,627.0
52,50.3,1.78,170,132,67,0.85,24.5,2.3,2,1,15.88,1,1,555.0
50,69.3,1.68,182,135,51,1.2,30.3,2.0,2,1,24.55,0,1,729.0
50,86.7,1.63,161,143,58,1.7,12.1,3.5,4,3,32.63,1,0,1203.0
54,125.9,1.94,199,132,73,1.35,28.5,2.9,3,2,33.45,1,2,882.0
29,88.1,1.93,186,143,66,1.88,11.1,3.5,5,3,23.65,1,0,1479.0
20,124.3,1.82,194,145,63,1.25,22.4,3.2,3,2,37.53,1,0,997.0
18,62.0,1.85,161,121,53,0.88,23.7,3.0,3,1,18.12,1,2,586.0
50,69.7,1.72,198,135,66,1.24,27.3,2.0,4,2,23.56,0,2,753.0
57,60.9,1.52,196,157,66,1.31,30.6,1.8,3,2,26.36,0,2,926.0
27,76.5,1.97,180,165,61,1.13,21.3,2.3,2,1,19.71,1,2,1025.0
46,94.7,1.82,164,120,69,1.47,23.2,3.2,3,2,28.59,1,0,873.0
30,67.9,1.75,180,168,67,1.25,29.1,3.1,2,1,22.17,1,3,1155.0
29,121.1,1.87,188,130,52,1.31,24.1,3.2,4,2,34.63,1,1,937.0
48,71.5,1.64,179,154,60,1.46,32.5,1.9,4,2,26.58,0,3,1012.0
19,98.6,1.7,197,162,74,0.83,21.1,2.4,2,1,34.12,1,0,740.0
52,68.2,1.63,179,148,67,1.17,27.5,2.4,3,1,25.67,0,2,779.0
40,57.7,1.69,184,156,53,1.18,33.1,2.4,4,2,20.2,0,1,920.0
34,124.6,1.63,161,136,66,1.41,27.6,2.8,3,2,46.9,1,1,1055.0
43,73.0,1.59,191,158,67,1.31,28.9,2.2,3,1,28.88,0,3,931.0
25,59.4,1.51,185,161,54,1.62,19.8,2.7,5,3,26.05,0,0,1304.0
46,52.0,1.65,165,147,63,0.7,34.1,1.9,2,1,19.1,0,0,463.0
43,42.2,1.65,162,148,59,1.33,34.6,2.3,3,2,15.5,0,0,886.0
27,89.3,1.64,192,162,64,1.82,12.1,3.5,4,3,33.2,1,1,1622.0
43,110.0,1.76,160,122,50,1.09,22.0,3.4,3,1,35.51,1,3,658.0
51,66.2,1.58,164,129,65,0.86,31.3,2.3,3,1,26.52,0,1,499.0
58,58.6,1.66,172,161,60,1.21,26.8,2.9,2,1,21.27,1,1,964.0
24,51.0,1.67,178,133,72,0.97,21.3,2.8,3,1,18.29,1,2,710.0
21,101.5,1.95,171,131,69,0.97,27.9,3.1,3,1,26.69,1,3,699.0
28,114.2,1.87,184,166,55,1.05,20.2,3.2,3,2,32.66,1,2,959.0
46,54.4,1.72,194,161,73,0.91,24.8,2.9,2,1,18.39,1,0,725.0
53,52.4,1.57,171,149,71,1.34,28.3,2.2,3,2,21.26,0,1,898.0
42,85.2,1.81,189,151,65,1.54,13.7,3.5,5,3,26.01,1,3,1151.0
38,83.6,1.74,164,151,51,1.66,11.6,3.5,5,3,27.61,1,0,1379.0
53,115.4,1.92,193,161,50,1.36,28.3,2.2,4,2,31.3,1,3,1084.0
27,71.2,1.97,181,151,73,0.74,25.9,3.6,3,1,18.35,1,1,615.0
54,78.1,1.6,198,145,73,1.1,32.9,2.4,4,2,30.51,0,3,718.0
26,54.2,1.65,172,120,58,1.07,34.9,1.9,4,2,19.91,0,0,642.0
41,77.6,1.76,162,161,71,1.27,31.8,2.2,4,2,25.05,0,2,920.0
52,44.1,1.62,179,121,61,1.41,34.8,1.6,3,1,16.8,0,1,768.0
52,85.5,1.8,190,136,66,1.7,10.1,3.5,5,3,26.39,1,2,1144.0
53,47.8,1.76,164,149,74,1.06,28.4,1.5,4,2,15.43,0,1,711.0
35,102.5,1.94,183,158,64,0.84,21.1,2.4,2,1,27.23,1,0,730.0
56,118.0,1.9,199,126,68,0.66,22.6,3.2,2,1,32.69,1,1,412.0
49,82.3,1.84,192,146,71,1.29,28.4,3.4,4,2,24.31,1,2,932.0
41,81.6,1.87,167,128,59,1.87,10.2,3.5,5,3,23.33,1,1,1185.0
40,60.2,1.88,183,141,61,1.22,25.2,3.0,3,2,17.03,1,0,946.0
49,49.2,1.54,179,153,63,1.28,30.7,2.1,3,2,20.75,0,1,881.0
54,46.6,1.5,175,165,58,1.38,30.6,2.0,2,1,20.71,0,2,1025.0
29,68.7,1.72,171,168,62,1.08,29.8,1.7,4,2,23.22,0,0,907.0
30,60.6,1.55,172,120,52,1.3,32.9,1.6,3,2,25.22,0,2,780.0
40,52.1,1.61,198,128,70,0.87,21.3,3.3,2,1,20.1,1,1,612.0
42,46.6,1.77,184,139,63,0.61,28.1,2.6,2,1,14.87,0,3,382.0
52,65.5,1.74,191,138,70,1.48,26.2,2.8,4,2,21.63,1,2,1011.0
58,44.2,1.57,183,155,59,1.08,31.9,2.3,3,1,17.93,0,1,753.0
47,89.1,1.84,168,159,65,1.44,24.0,3.6,3,2,26.32,1,3,1133.0
34,65.9,1.62,199,164,56,0.81,28.8,2.2,2,1,25.11,1,3,731.0
37,55.6,1.57,182,123,53,0.97,29.2,2.4,2,1,22.56,0,0,597.0
42,63.7,1.98,172,128,69,1.37,24.0,3.0,2,1,16.25,1,3,868.0
39,86.2,1.82,191,160,72,1.96,10.2,3.5,5,3,26.02,1,2,1725.0
30,59.2,1.63,174,141,74,1.85,17.8,2.7,4,3,22.28,0,2,1304.0
36,85.4,1.88,195,137,60,1.98,13.5,3.5,5,3,24.16,1,3,1492.0
53,68.1,1.55,164,131,65,1.41,26.1,2.2,4,2,28.35,0,1,831.0
29,60.0,1.62,181,161,69,0.85,28.1,1.9,2,1,22.86,0,2,684.0
58,74.8,1.69,175,162,53,1.28,32.8,2.3,4,2,26.19,0,2,933.0
36,90.3,1.65,169,158,71,1.38,23.7,3.4,4,2,33.17,1,0,1199.0
29,86.1,1.65,183,128,71,1.66,11.2,3.5,4,3,31.63,1,1,1169.0
26,73.7,1.66,177,125,72,0.93,26.7,2.2,2,1,26.75,1,3,639.0
24,67.7,1.56,177,138,66,1.42,27.0,2.1,3,2,27.82,0,1,980.0
45,78.3,1.96,166,167,62,1.29,29.0,2.2,3,1,20.38,1,0,1066.0
31,48.2,1.65,163,166,60,1.1,26.1,2.5,2,1,17.7,0,0,913.0
48,56.8,1.51,185,126,52,1.37,32.1,2.1,4,2,24.91,0,1,777.0
36,112.4,1.63,164,135,58,1.02,25.0,3.4,4,2,42.3,1,0,757.0
33,59.0,1.67,175,124,55,0.9,33.7,1.9,3,1,21.16,0,0,558.0
22,98.4,1.88,194,135,71,0.52,21.3,2.2,2,1,27.84,1,0,386.0
52,66.5,1.6,185,120,70,1.34,26.8,2.1,4,2,25.98,1,1,796.0
29,106.5,1.81,177,156,60,1.29,25.7,2.5,4,2,32.51,1,0,1107.0
42,88.4,1.93,188,158,65,1.68,12.4,3.5,4,3,23.73,1,3,1314.0
38,88.4,1.79,182,138,68,1.74,12.5,3.5,5,3,27.59,1,3,1321.0
53,53.3,1.74,173,156,54,1.37,32.2,1.8,3,2,17.6,0,2,962.0
40,58.1,1.56,174,136,63,0.61,34.4,2.2,2,1,23.87,0,3,415.0
33,74.2,1.76,192,145,66,1.15,25.9,1.5,4,2,23.95,0,2,834.0
56,84.6,1.63,184,141,52,1.01,20.2,2.9,4,2,31.84,1,1,705.0
59,78.0,1.92,180,127,53,0.72,28.1,2.7,3,1,21.16,1,0,453.0
56,89.0,1.68,176,152,65,1.77,10.5,3.5,5,3,31.53,1,3,1332.0
31,42.7,1.76,182,121,65,1.46,34.9,2.2,3,1,13.78,0,2,883.0
48,83.9,1.82,176,149,70,1.9,13.1,3.5,5,3,25.33,1,1,1401.0
22,78.7,1.52,173,166,74,1.45,31.5,2.3,3,2,34.06,0,2,1204.0
52,65.9,1.52,188,139,53,1.27,27.0,2.3,4,2,28.52,0,0,794.0
40,76.9,1.92,179,137,68,1.13,22.4,3.7,4,2,20.86,1,3,851.0
46,84.3,2.0,189,162,66,1.83,13.3,3.5,5,3,21.07,1,1,1467.0
28,62.4,1.6,178,129,62,1.1,34.1,1.7,3,2,24.37,0,2,710.0
35,63.7,1.74,198,143,71,1.03,29.8,2.7,4,2,21.04,1,1,810.0
29,54.9,1.52,172,123,72,1.48,27.0,2.0,3,1,23.76,0,2,910.0
26,76.4,1.79,177,156,73,1.17,21.3,2.7,3,2,23.84,1,2,1004.0
27,106.4,1.86,182,123,50,1.34,20.6,3.1,2,1,30.76,1,0,907.0
34,68.4,1.5,192,132,61,1.37,33.7,2.1,4,2,30.4,0,0,904.0
55,63.5,1.86,198,144,53,1.36,22.9,2.9,4,2,18.35,1,2,969.0
24,59.4,1.5,199,132,60,1.25,25.0,2.0,3,2,26.4,0,3,825.0
30,113.4,1.91,177,137,54,1.27,22.2,3.7,3,1,31.08,1,1,957.0
57,61.9,1.52,168,143,51,0.92,28.4,2.6,3,1,26.79,0,1,592.0
59,70.7,1.68,192,121,66,1.17,34.9,1.9,3,2,25.05,0,0,637.0
26,111.5,1.9,191,167,57,1.02,25.2,2.2,2,1,30.89,1,3,937.0
44,72.1,1.66,176,152,55,1.4,27.0,2.5,2,1,26.16,0,2,958.0
19,56.9,1.87,178,138,70,0.61,23.3,3.7,3,1,16.27,1,0,463.0
22,86.2,1.9,186,128,58,1.91,11.7,3.5,5,3,23.88,1,2,1345.0
46,59.4,1.68,165,147,62,1.16,20.2,2.5,4,2,21.05,1,2,844.0
54,75.6,1.72,194,154,60,0.97,26.4,1.9,3,1,25.55,0,0,672.0
55,76.3,1.73,196,158,65,1.08,32.0,2.6,3,1,25.49,0,3,768.0
36,95.8,1.86,193,129,65,1.37,21.2,3.2,3,1,27.69,1,1,972.0
25,120.6,1.83,179,120,51,1.04,22.3,2.5,3,2,36.01,1,0,686.0
18,65.3,1.55,184,161,59,1.42,28.5,2.2,3,2,27.18,0,3,1143.0
39,85.3,1.89,163,140,61,0.77,27.6,3.6,2,1,23.88,1,2,593.0
34,68.0,1.68,169,128,57,0.67,25.8,3.4,2,1,24.09,1,0,472.0
24,52.6,1.57,169,166,60,1.29,31.9,2.4,2,1,21.34,0,1,1071.0
42,63.3,1.77,183,134,59,1.32,25.7,3.3,3,2,20.2,1,1,876.0
21,76.3,1.65,180,154,62,1.14,31.8,1.7,3,2,28.03,0,2,878.0
53,61.0,1.63,170,124,74,0.54,20.0,3.4,3,1,22.96,1,0,331.0
23,67.8,1.61,186,160,66,1.34,34.3,1.8,2,1,26.16,0,1,1072.0
48,114.9,1.86,175,141,56,1.36,21.1,3.6,3,1,33.21,1,0,949.0
36,88.0,1.71,185,160,73,1.87,12.0,3.5,5,3,30.09,1,1,1646.0
56,67.7,1.58,189,142,52,1.45,32.7,1.9,2,1,27.12,0,2,927.0
44,124.8,1.85,175,126,69,1.35,24.4,3.5,4,2,36.46,1,2,842.0
27,53.0,1.58,166,142,62,1.26,34.5,1.8,4,2,21.23,0,0,895.0
43,61.2,1.88,175,163,68,1.03,24.7,2.9,3,1,17.32,1,3,831.0
36,48.7,1.68,194,144,56,1.23,33.7,1.6,3,1,17.25,0,3,886.0
56,50.6,1.7,175,146,58,1.29,33.1,2.3,2,1,17.51,0,2,848.0
20,72.6,1.73,199,160,68,1.27,34.8,2.5,3,2,24.26,0,1,1016.0
30,70.4,1.56,171,125,62,1.03,34.3,2.4,4,2,28.93,0,3,644.0
45,52.5,1.88,194,153,71,1.08,29.0,2.9,4,2,14.85,1,2,818.0
37,76.3,1.77,180,128,57,1.36,27.3,2.1,4,2,24.35,1,1,957.0
45,41.2,1.58,195,168,71,1.47,28.7,2.6,2,1,16.5,0,1,1111.0
25,55.3,1.76,176,152,67,1.56,15.5,2.7,4,3,17.85,0,3,1186.0
58,49.7,1.67,191,125,72,1.38,31.9,2.3,4,2,17.82,0,2,776.0
56,48.3,1.87,165,156,51,0.68,29.8,3.3,3,1,13.81,1,1,525.0
18,83.2,1.96,183,150,67,1.83,13.6,3.5,4,3,21.66,1,1,1510.0
20,120.5,1.73,186,153,67,1.01,29.3,3.4,3,2,40.26,1,0,850.0
30,121.6,2.0,179,160,60,1.24,28.0,3.3,4,2,30.4,1,0,1091.0
45,73.0,1.75,184,148,50,1.14,26.6,2.0,4,2,23.84,0,3,759.0
42,57.5,1.67,161,133,63,1.76,16.2,2.7,5,3,20.62,0,0,1053.0
50,42.7,1.53,168,155,65,1.41,28.4,2.4,4,2,18.24,0,2,983.0
55,129.9,1.73,187,155,60,0.69,21.7,3.1,3,1,43.4,1,3,529.0
23,108.6,1.92,197,134,50,0.89,25.8,3.5,2,1,29.46,1,3,656.0
49,88.6,2.0,162,127,56,1.83,14.9,3.5,4,3,22.15,1,0,1150.0
38,49.7,1.51,179,145,65,1.25,32.6,2.5,3,1,21.8,0,1,906.0
33,56.4,1.54,165,155,63,1.06,29.2,1.5,3,1,23.78,0,2,822.0
38,46.9,1.74,198,167,64,1.03,20.0,2.6,4,2,15.49,1,2,946.0
28,71.3,1.67,192,140,63,1.46,28.1,1.5,4,2,25.57,0,2,1022.0
54,71.6,1.86,160,147,70,1.14,25.3,2.2,3,2,20.7,1,3,830.0
53,82.3,1.61,196,123,60,1.87,11.6,3.5,5,3,31.75,1,2,1139.0
52,70.6,1.69,165,135,65,1.36,26.1,2.2,3,1,24.72,0,1,826.0
36,109.8,1.62,193,141,68,0.84,24.4,3.5,3,1,41.84,1,1,651.0
37,73.5,1.69,174,131,66,0.54,27.5,1.6,2,1,25.73,0,0,354.0
35,85.6,1.85,185,135,55,1.78,14.5,3.5,5,3,25.01,1,2,1322.0
58,74.6,1.68,173,159,60,1.03,26.0,2.0,4,2,26.43,0,3,737.0
31,63.2,1.8,166,157,66,0.59,25.5,2.6,2,1,19.51,0,0,463.0
32,62.6,1.63,190,161,58,1.67,15.0,2.7,5,3,23.56,0,1,1344.0
48,87.1,1.76,183,156,67,1.81,11.6,3.5,5,3,28.12,1,2,1398.0
18,82.3,1.84,190,148,66,1.73,13.3,3.5,5,3,24.31,1,1,1408.0
20,64.3,1.78,188,137,61,1.71,18.7,2.7,4,3,20.29,0,0,1171.0
33,53.7,1.66,191,129,72,1.25,29.5,2.5,3,1,19.49,0,1,806.0
40,63.0,2.0,176,161,71,1.42,26.8,2.9,4,2,15.75,1,2,1257.0
28,128.4,1.86,173,158,71,1.06,23.6,3.3,4,2,37.11,1,2,921.0
29,88.0,1.89,199,137,54,1.75,13.3,3.5,5,3,24.64,1,0,1319.0
27,63.7,1.52,195,120,60,1.19,25.4,2.1,4,2,27.57,0,2,714.0
49,83.7,1.87,183,158,53,1.29,23.9,2.3,4,2,23.94,1,1,1009.0
33,102.6,1.75,186,140,53,1.4,27.9,2.2,3,2,33.5,1,1,1078.0
25,77.7,1.55,184,120,52,0.55,33.0,1.7,2,1,32.34,0,3,330.0
55,87.5,1.88,191,134,73,1.19,27.2,2.6,4,2,24.76,1,3,789.0
29,87.0,1.86,177,123,72,1.52,11.0,3.5,4,3,25.15,1,3,1028.0
41,82.8,1.66,177,139,74,1.97,11.2,3.5,5,3,30.05,1,1,1355.0
45,65.4,1.68,196,129,66,0.76,35.0,2.6,3,1,23.17,0,1,441.0
25,47.2,1.71,185,142,56,0.89,26.0,2.5,2,1,16.14,0,0,632.0
45,58.2,1.7,168,160,53,0.95,26.8,2.0,3,1,20.14,0,3,684.0
53,73.5,1.55,194,153,72,1.17,26.3,2.1,4,2,30.59,0,1,806.0
43,55.2,1.73,167,165,62,1.67,16.6,2.7,5,3,18.44,0,0,1240.0
25,64.4,1.71,179,167,61,1.12,27.1,1.8,3,1,22.02,0,1,935.0
45,73.5,1.74,181,152,50,1.18,30.0,2.3,4,2,24.28,0,0,807.0
45,89.6,1.81,178,153,70,1.7,12.4,3.5,5,3,27.35,1,3,1287.0
54,86.5,1.76,189,158,68,1.48,29.0,3.4,3,2,27.92,1,3,1158.0
58,46.1,1.67,187,129,70,1.28,25.3,1.8,4,2,16.53,0,3,743.0
53,68.5,1.97,194,139,69,1.3,23.2,2.1,3,2,17.65,1,1,894.0
44,94.6,1.84,170,120,67,1.26,26.0,3.1,4,2,27.94,1,1,748.0
34,54.2,1.52,190,132,60,1.13,31.0,2.2,3,1,23.46,0,0,746.0
26,47.7,1.77,198,120,69,1.15,24.8,2.7,3,2,15.23,1,2,759.0
50,52.2,1.84,195,124,52,1.38,28.2,3.1,4,2,15.42,1,2,847.0
37,88.8,1.95,189,135,66,1.58,10.3,3.5,5,3,23.35,1,3,1173.0
30,101.0,1.68,182,134,61,1.46,28.2,2.9,4,2,35.79,1,2,1076.0
45,118.4,1.95,178,168,59,1.06,24.9,2.4,3,2,31.14,1,3,881.0
46,47.9,1.72,171,147,57,1.41,26.3,2.0,3,1,16.19,0,0,933.0
30,51.5,1.74,174,150,64,1.08,33.9,2.0,3,2,17.01,0,2,810.0
52,79.9,1.51,190,142,54,0.75,31.5,2.6,3,1,35.04,0,2,479.0
23,121.3,1.85,196,167,53,0.72,21.6,3.6,2,1,35.44,1,3,661.0
35,78.9,1.64,196,164,70,1.28,25.3,2.6,4,2,29.34,0,0,1050.0
22,88.5,1.62,174,162,69,1.88,10.7,3.5,5,3,33.72,1,2,1675.0
42,73.5,1.63,188,136,68,0.52,26.1,3.2,3,1,27.66,1,2,350.0
19,127.9,1.93,185,168,70,1.27,21.8,3.0,4,2,34.34,1,2,1173.0
27,88.5,1.98,161,153,53,1.8,11.1,3.5,4,3,22.57,1,0,1515.0
47,43.4,1.62,179,132,64,0.51,25.3,2.3,3,1,16.54,0,0,303.0
22,42.8,1.56,174,133,66,1.47,32.2,2.6,3,2,17.59,0,2,978.0
50,64.5,1.79,163,130,61,1.17,28.1,2.4,4,2,20.13,1,3,753.0
18,50.7,1.53,181,147,52,1.29,33.0,2.1,3,2,21.66,0,3,948.0
35,59.2,1.66,197,161,59,1.3,21.3,3.2,3,1,21.48,1,2,1151.0
49,78.9,1.73,182,151,64,1.38,34.0,2.3,2,1,26.36,0,0,938.0
28,78.7,1.63,185,154,59,1.1,31.7,1.8,3,2,29.62,0,2,847.0
38,68.7,1.92,170,150,73,1.31,29.0,3.0,4,2,18.64,1,0,1081.0
43,53.1,1.59,187,136,72,0.82,29.5,2.5,2,1,21.0,0,2,502.0
42,64.8,1.65,161,166,67,1.1,24.4,2.8,3,2,23.8,1,0,904.0
39,50.3,1.61,167,128,50,1.17,32.8,2.5,2,1,19.41,0,1,749.0
44,102.3,1.63,188,129,52,1.34,20.9,2.6,4,2,38.5,1,3,856.0
30,62.9,1.92,170,127,70,1.13,25.2,3.6,2,1,17.06,1,1,789.0
50,56.5,1.6,196,140,61,1.88,19.2,2.7,5,3,22.07,0,3,1184.0
51,74.6,1.55,177,132,50,0.71,33.3,2.1,2,1,31.05,0,0,422.0
58,52.0,1.79,173,169,52,1.12,29.6,3.0,3,1,16.23,1,1,937.0
52,52.1,1.67,169,124,52,1.5,32.0,1.5,2,1,18.68,0,3,837.0
18,72.2,1.54,194,125,54,0.97,27.1,1.7,2,1,30.44,0,2,606.0
38,85.8,1.8,168,149,68,1.72,10.1,3.5,4,3,26.48,1,0,1410.0
23,81.4,1.85,194,150,74,1.6,12.4,3.5,4,3,23.78,1,0,1320.0
45,50.9,1.65,170,136,50,1.45,30.1,2.3,2,1,18.7,0,2,887.0
34,52.0,1.78,171,130,53,1.38,22.4,2.7,4,2,16.41,1,2,987.0
22,71.0,1.93,162,139,53,1.42,21.2,2.9,4,2,19.06,1,3,1086.0
48,80.6,1.77,198,167,66,1.51,12.9,3.5,4,3,25.73,1,0,1248.0
22,58.3,1.72,173,128,63,1.0,32.6,1.6,3,2,19.71,0,3,640.0
55,63.0,1.7,187,121,67,1.32,34.9,2.5,3,1,21.8,0,2,719.0
20,111.0,1.94,170,156,50,1.02,27.6,3.3,4,2,29.49,1,0,875.0
40,52.6,1.66,198,120,71,1.27,32.9,1.7,3,2,19.09,0,2,762.0
54,116.4,2.0,184,123,65,1.13,26.2,3.1,3,1,29.1,1,3,688.0
54,75.6,1.61,180,155,52,1.41,34.9,2.5,4,2,29.17,0,3,983.0
27,61.6,1.8,169,144,72,1.48,26.4,3.1,2,1,19.01,1,3,1172.0
27,108.0,1.8,174,122,70,1.38,28.6,2.5,4,2,33.33,1,0,926.0
36,59.3,1.75,178,128,58,0.99,34.5,2.3,3,1,19.36,0,2,634.0
34,75.7,1.94,181,141,72,1.18,29.3,2.4,4,2,20.11,1,2,915.0
38,56.3,1.6,180,142,53,1.21,28.8,1.9,4,2,21.99,0,3,859.0
31,58.2,1.73,191,131,70,1.17,25.8,1.8,3,2,19.45,0,3,766.0
26,55.7,1.68,182,129,54,1.13,21.7,2.9,3,1,19.73,1,3,802.0
18,125.9,1.67,172,153,60,1.46,20.6,2.2,3,2,45.14,1,3,1229.0
30,62.7,1.67,164,162,70,1.02,26.1,2.6,4,2,22.48,0,1,826.0
21,86.6,1.86,163,129,58,1.37,21.8,2.6,3,2,25.03,1,1,972.0
18,64.5,1.82,187,149,52,1.2,23.4,2.4,3,2,19.47,1,1,983.0
57,76.6,1.86,173,141,55,1.14,25.4,2.8,4,2,22.14,1,3,796.0
49,81.4,1.83,167,125,73,1.98,13.6,3.5,5,3,24.31,1,3,1225.0
51,60.7,1.71,168,169,60,1.14,22.1,2.5,2,1,20.76,1,2,954.0
45,57.2,1.55,194,121,58,1.67,18.4,2.7,5,3,23.81,0,0,909.0
48,73.0,1.59,196,149,64,1.19,32.0,2.1,3,2,28.88,0,2,798.0
25,123.8,1.99,180,121,72,1.13,25.6,2.6,3,1,31.26,1,1,752.0
56,93.6,1.66,177,151,52,1.37,29.0,2.2,2,1,33.97,1,2,1024.0
43,76.8,1.92,192,161,50,1.24,21.1,2.5,3,1,20.83,1,3,988.0
51,54.7,1.53,167,135,69,1.11,26.8,2.0,4,2,23.37,0,1,674.0
20,92.3,1.94,176,131,71,1.14,24.3,2.1,3,2,24.52,1,1,821.0
29,71.8,1.55,190,120,68,1.2,26.3,2.4,4,2,29.89,0,0,720.0
18,66.9,1.57,193,127,63,1.07,30.7,2.2,3,2,27.14,0,0,679.0
22,48.7,1.76,165,167,66,1.37,29.0,2.2,4,2,15.72,0,1,1144.0
47,66.2,1.71,181,169,71,1.42,22.8,2.9,3,1,22.64,1,1,1188.0
47,40.0,1.76,173,132,63,0.8,26.7,2.2,3,1,12.91,0,2,475.0
34,112.4,1.85,162,134,66,1.18,23.4,3.6,4,2,32.84,1,1,870.0
40,70.0,1.55,171,163,74,0.85,31.1,1.5,3,1,29.14,0,3,693.0
32,84.0,1.74,195,127,63,1.45,25.8,2.1,3,1,27.74,1,2,1013.0
54,43.8,1.65,171,129,61,1.29,26.6,1.7,4,2,16.09,0,3,749.0
38,123.3,1.62,161,165,65,1.34,21.2,2.3,4,2,46.98,1,3,1216.0
31,57.9,1.56,161,124,50,1.8,15.1,2.7,5,3,23.79,0,3,1116.0
19,82.4,1.96,174,169,62,1.9,10.1,3.5,5,3,21.45,1,1,1766.0
28,84.8,1.79,182,138,55,1.35,28.8,2.3,4,2,26.47,1,0,1025.0
56,109.6,1.66,188,166,66,1.29,20.5,3.1,3,2,39.77,1,0,1060.0
55,86.4,1.77,176,157,61,1.0,27.3,2.8,3,2,27.58,1,3,777.0
51,63.9,1.8,191,130,72,1.07,33.7,2.7,4,2,19.72,0,1,626.0
55,70.8,1.62,166,162,68,0.54,26.0,1.8,3,1,26.98,0,2,394.0
51,115.3,1.67,189,139,55,1.38,24.4,2.5,3,2,41.34,1,3,950.0
35,55.3,1.56,187,139,56,1.71,19.8,2.7,5,3,22.72,0,2,1188.0
47,73.9,1.8,173,140,50,1.36,28.3,3.7,3,1,22.81,1,2,942.0
32,97.3,1.96,189,137,50,1.36,24.9,3.4,3,2,25.33,1,1,1025.0
44,60.4,1.65,176,169,54,1.27,32.6,2.1,4,2,22.19,0,1,966.0
51,49.3,1.61,191,129,55,1.36,28.3,2.9,2,1,19.02,1,0,868.0
55,91.8,1.78,165,153,65,1.44,23.5,3.4,3,1,28.97,1,0,1091.0
50,73.6,1.55,183,145,74,0.89,33.9,2.1,3,1,30.63,0,1,581.0
41,47.1,1.78,165,149,65,1.26,24.7,2.4,3,1,14.87,1,3,929.0
32,65.2,1.62,186,128,63,0.58,25.3,3.4,2,1,24.84,1,0,408.0
47,87.2,1.64,177,165,50,2.0,15.0,3.5,4,3,32.42,1,2,1634.0
59,96.7,1.71,183,150,62,0.57,28.4,2.9,3,1,33.07,1,3,423.0
34,46.9,1.61,196,161,69,1.02,28.6,1.7,3,2,18.09,0,2,821.0
22,72.1,1.62,183,123,59,1.38,25.1,2.1,3,1,27.47,0,1,849.0
46,62.5,1.54,197,125,73,1.61,18.1,2.7,4,3,26.35,0,2,906.0
21,110.7,1.69,193,133,59,1.06,27.0,2.7,3,1,38.76,1,3,775.0
27,102.6,1.83,199,123,58,1.41,26.5,3.5,3,2,30.64,1,1,954.0
34,64.3,1.62,174,145,62,1.76,19.8,2.7,5,3,24.5,0,3,1276.0
27,80.7,1.61,170,166,52,1.75,14.3,3.5,4,3,31.13,1,2,1598.0
34,115.3,1.81,181,167,67,1.36,24.5,2.2,2,1,35.19,1,3,1249.0
37,87.8,1.69,183,158,69,1.81,10.3,3.5,5,3,30.74,1,1,1573.0
41,74.3,1.61,160,136,51,1.06,24.8,3.5,4,2,28.66,1,2,714.0
22,78.5,1.7,177,138,66,1.36,31.9,2.1,4,2,27.16,0,2,938.0
51,77.3,1.58,171,168,68,0.97,31.1,2.0,2,1,30.96,0,0,733.0
23,64.5,1.7,187,125,72,0.51,30.4,1.7,2,1,22.32,0,0,319.0
19,72.0,1.94,199,148,62,1.17,24.7,3.2,3,2,19.13,1,3,952.0
30,77.9,1.77,166,130,62,1.41,27.9,2.6,4,2,24.87,0,0,916.0
28,69.6,1.58,182,135,50,1.49,27.8,2.0,3,2,27.88,0,0,1006.0
40,68.9,1.99,180,149,51,1.16,25.0,2.4,4,2,17.4,1,0,951.0
33,45.9,1.89,193,144,50,1.45,21.6,2.9,3,2,12.85,1,0,1148.0
48,68.2,1.69,170,159,73,0.75,28.4,2.5,3,1,23.88,0,1,537.0
28,79.6,1.59,181,130,54,1.49,28.2,1.5,3,2,31.49,0,1,968.0
33,53.6,1.52,194,126,73,1.02,30.9,2.3,2,1,23.2,0,0,643.0
25,57.7,1.58,188,145,52,1.36,25.7,2.2,3,2,23.11,0,3,986.0
21,74.2,1.93,187,141,56,1.32,28.3,2.5,3,2,19.92,1,1,1024.0
57,64.4,1.56,177,144,73,1.52,17.8,2.7,5,3,26.46,0,0,985.0
21,54.9,1.78,173,138,71,0.55,31.7,2.0,2,1,17.33,0,1,380.0
42,50.3,1.64,177,150,62,0.63,27.0,2.4,3,1,18.7,1,2,468.0
20,46.5,1.68,187,145,72,0.91,27.9,2.4,2,1,16.48,0,1,660.0
49,57.8,1.99,183,161,67,0.93,24.7,3.1,3,1,14.6,1,1,741.0
20,83.0,1.8,167,160,73,0.79,29.6,2.9,2,1,25.62,1,3,695.0
44,82.5,1.79,167,155,70,1.51,13.8,3.5,5,3,25.75,1,1,1159.0
46,66.5,1.73,163,142,56,1.11,34.7,2.0,3,1,22.22,0,3,709.0
49,70.2,1.67,186,166,50,0.93,32.5,1.8,3,1,25.17,0,2,695.0
36,121.9,1.93,195,132,54,1.49,21.8,3.4,3,2,32.73,1,0,1082.0
38,70.3,1.52,164,144,66,1.19,25.6,2.0,4,2,30.43,0,3,857.0
22,40.3,1.56,192,121,57,1.45,30.8,2.1,4,2,16.56,0,1,877.0
35,101.4,1.76,193,121,64,0.84,23.6,2.9,2,1,32.74,1,1,559.0
45,79.2,1.95,189,135,69,1.47,22.8,2.8,3,2,20.83,1,3,982.0
59,75.8,1.77,167,128,53,1.46,33.1,1.8,3,1,24.19,0,2,841.0
39,71.7,1.88,198,147,51,0.55,23.7,2.2,2,1,20.29,1,0,445.0
38,57.7,1.56,185,132,54,1.64,16.6,2.7,5,3,23.71,0,1,1082.0
23,47.4,1.6,196,154,50,0.76,33.5,1.6,3,1,18.52,0,2,585.0
18,57.2,1.75,193,160,74,1.29,33.5,2.4,3,2,18.68,0,0,1032.0
22,44.8,1.72,166,132,54,1.48,28.6,1.8,4,2,15.14,0,0,977.0
58,90.2,1.72,199,150,55,0.9,28.3,2.1,2,1,30.49,1,1,668.0
29,84.9,1.72,187,140,51,1.79,14.3,3.5,4,3,28.7,1,3,1378.0
43,95.7,1.77,198,151,50,1.08,24.2,3.4,3,1,30.55,1,1,807.0
51,59.0,1.65,198,153,53,1.22,20.7,2.3,3,2,21.67,1,1,924.0
31,60.5,1.77,187,127,56,1.72,15.0,2.7,4,3,19.31,0,1,1092.0
43,53.8,1.72,173,160,71,1.03,30.2,2.3,4,2,18.19,0,2,742.0
44,86.6,1.97,197,167,50,1.66,11.7,3.5,5,3,22.31,1,3,1372.0
26,72.8,1.67,163,121,50,1.37,35.0,1.9,2,1,26.1,0,2,829.0
43,66.3,1.77,177,157,57,1.48,32.7,1.7,4,2,21.16,0,1,1046.0
39,56.0,1.6,184,151,69,0.89,32.6,2.0,2,1,21.87,0,3,672.0
47,45.9,1.93,166,159,65,1.29,29.6,2.0,3,2,12.32,1,0,1015.0
34,88.0,1.64,197,147,70,1.9,14.4,3.5,4,3,32.72,1,3,1536.0
43,94.0,1.79,187,156,62,1.31,23.2,3.4,2,1,29.34,1,1,1012.0
53,44.7,1.79,164,160,72,1.34,26.7,2.1,3,2,13.95,0,3,965.0
18,63.2,1.63,162,120,73,0.66,27.5,2.2,3,1,23.79,1,0,436.0
25,95.6,1.9,190,160,72,1.47,23.8,2.4,4,2,26.48,1,0,1294.0
52,47.8,1.86,179,129,67,1.01,24.7,2.8,3,2,13.82,1,3,645.0
32,85.3,1.64,178,123,69,1.77,13.2,3.5,4,3,31.71,1,0,1197.0
39,59.7,1.83,170,154,59,1.35,29.1,2.3,4,2,17.83,1,2,1143.0
31,70.2,1.98,199,129,61,0.71,24.2,2.5,2,1,17.91,1,3,504.0
43,72.7,1.8,162,166,50,0.79,32.8,2.1,3,1,22.44,0,0,590.0
45,50.4,1.79,182,130,59,0.74,27.7,2.5,2,1,15.73,0,0,433.0
40,81.7,1.74,166,133,58,0.91,27.0,2.7,2,1,26.99,1,3,666.0
31,49.3,1.62,182,157,52,0.56,20.0,3.2,2,1,18.79,1,2,484.0
41,61.9,1.64,166,131,68,1.93,19.4,2.7,4,3,23.01,0,3,1138.0
19,49.1,1.68,193,164,58,1.42,25.3,2.6,4,2,17.4,0,0,1164.0
43,66.5,1.83,178,136,59,1.11,27.1,2.4,3,2,19.86,1,3,747.0
31,75.5,1.93,168,135,68,0.6,20.5,3.4,2,1,20.27,1,0,446.0
24,88.2,1.79,177,154,65,1.76,11.3,3.5,4,3,27.53,1,1,1491.0
20,74.8,1.75,184,121,73,1.33,25.0,3.3,3,2,24.42,1,3,885.0
40,72.2,1.6,173,130,67,0.87,29.2,1.9,3,1,28.2,0,3,566.0
35,62.8,1.63,184,160,63,1.41,21.9,3.7,4,2,23.64,1,0,1241.0
55,84.7,1.79,178,122,52,1.19,23.3,2.4,3,2,26.43,1,0,719.0
52,116.5,1.69,198,148,51,0.53,27.3,2.4,2,1,40.79,1,0,388.0
32,77.4,1.92,174,137,50,1.39,26.7,3.3,3,2,21.0,1,0,1047.0
42,72.9,1.62,175,139,67,1.17,25.7,2.0,4,2,27.78,0,3,732.0
54,58.4,1.59,186,166,73,1.08,32.5,1.9,2,1,23.1,0,0,807.0
45,64.3,1.54,199,133,58,1.67,15.3,2.7,4,3,27.11,0,3,999.0
27,89.3,1.87,169,153,62,1.62,12.7,3.5,5,3,25.54,1,2,1363.0
56,90.2,1.61,163,168,51,1.38,22.6,2.3,3,2,34.8,1,3,1148.0
34,59.0,1.62,178,150,56,1.13,30.9,2.4,4,2,22.48,0,0,847.0
56,58.7,1.86,187,159,65,1.09,22.6,3.3,3,2,16.97,1,0,858.0
39,127.5,1.82,180,161,70,1.26,29.8,3.0,3,2,38.49,1,2,1116.0
43,68.6,1.52,173,137,68,1.42,28.1,2.6,4,2,29.69,0,3,875.0
42,56.7,1.53,192,149,74,1.07,27.4,1.9,3,1,24.22,0,2,717.0
34,64.5,1.78,169,144,64,1.33,27.8,1.8,4,2,20.36,0,3,958.0
30,61.6,1.52,178,138,71,1.78,19.5,2.7,4,3,26.66,0,0,1228.0
37,75.1,1.82,189,127,60,1.23,26.4,3.2,4,2,22.67,1,3,859.0
42,79.3,1.93,181,147,50,1.22,27.3,3.3,2,1,21.29,1,0,888.0
21,72.6,1.68,162,127,70,1.19,34.2,1.8,3,2,25.72,0,0,756.0
27,76.7,1.7,196,150,56,0.96,29.1,2.1,3,1,26.54,1,1,792.0
20,44.2,1.61,177,122,69,1.08,32.4,2.5,2,1,17.05,0,1,659.0
58,56.5,1.7,170,122,57,0.74,27.0,2.7,2,1,19.55,0,3,406.0
35,100.9,1.63,161,163,59,1.1,28.4,3.1,2,1,37.98,1,0,986.0
53,55.8,1.55,171,141,54,1.12,27.0,1.8,4,2,23.23,0,2,711.0
39,58.3,1.93,165,136,58,1.35,27.4,3.7,4,2,15.65,1,0,1010.0
51,48.6,1.77,199,155,74,1.47,26.9,3.5,2,1,15.51,1,2,1128.0
25,81.7,1.95,188,136,74,1.94,13.8,3.5,4,3,21.49,1,3,1451.0
57,85.6,1.69,189,133,50,1.76,12.7,3.5,5,3,29.97,1,3,1159.0
36,60.0,1.72,161,128,51,1.63,18.2,2.7,5,3,20.28,0,2,1043.0
59,126.4,1.69,168,149,68,1.24,29.5,2.9,3,1,44.26,1,2,915.0
58,75.4,1.78,161,140,63,1.05,26.0,2.5,4,2,23.8,0,0,662.0
54,64.2,1.69,188,131,69,1.69,16.5,2.7,4,3,22.48,0,3,996.0
23,65.2,1.62,192,156,59,1.37,31.1,2.5,3,2,24.84,0,0,1069.0
43,70.1,1.66,169,151,58,0.99,34.6,2.6,2,1,25.44,0,2,673.0
51,102.6,1.77,193,130,59,1.21,21.0,3.4,2,1,32.75,1,1,779.0
23,107.2,1.93,167,139,55,1.15,20.2,3.1,4,2,28.78,1,1,879.0
54,56.5,1.75,196,154,66,1.76,15.3,2.7,5,3,18.45,0,1,1220.0
50,61.6,1.75,192,166,74,1.22,25.5,2.2,4,2,20.11,0,2,911.0
39,81.7,1.75,165,165,55,1.32,29.1,2.8,4,2,26.68,1,0,1198.0
38,76.6,1.58,199,130,53,0.74,32.2,2.3,2,1,30.68,0,3,481.0
23,116.8,1.79,178,127,69,1.0,26.8,3.4,4,2,36.45,1,2,698.0
23,60.1,1.59,191,123,52,1.8,17.6,2.7,4,3,23.77,0,1,1107.0
21,93.7,1.73,186,146,72,1.0,27.8,3.6,2,1,31.31,1,0,803.0
47,41.6,1.58,160,163,68,1.03,26.6,2.1,4,2,16.66,0,3,756.0
28,55.1,1.79,192,159,67,1.99,17.0,2.7,5,3,17.2,0,3,1582.0
47,127.1,1.76,199,157,73,0.71,24.9,3.0,2,1,41.03,1,2,552.0
48,69.1,1.6,191,166,53,1.34,26.1,2.0,4,2,26.99,0,2,1001.0
41,66.8,1.74,164,149,57,1.34,29.2,2.3,3,1,22.06,0,3,898.0
26,125.5,1.76,176,163,66,1.15,23.2,3.1,4,2,40.52,1,3,1031.0
20,71.3,1.58,167,167,54,1.07,25.4,1.5,3,2,28.56,0,1,893.0
48,129.2,1.61,193,167,62,1.06,21.4,2.9,4,2,49.84,1,3,876.0
57,96.3,1.86,168,146,74,1.1,27.6,2.2,3,2,27.84,1,2,795.0
54,67.5,1.54,182,140,50,0.72,25.2,1.5,3,1,28.46,0,0,454.0
53,64.4,1.55,194,139,62,1.77,19.7,2.7,4,3,26.81,0,1,1107.0
41,64.9,1.57,166,123,53,1.04,25.9,2.4,4,2,26.33,0,1,576.0
48,52.3,1.66,174,130,71,0.74,33.0,1.8,3,1,18.98,0,3,433.0
23,56.7,1.55,179,132,73,1.38,34.0,1.9,4,2,23.6,0,0,911.0
19,46.8,1.63,184,128,63,1.35,34.4,1.6,4,2,17.61,0,1,864.0
37,70.3,1.77,162,123,52,1.01,33.7,1.7,2,1,22.44,0,2,621.0
45,80.8,1.76,183,131,54,1.7,11.4,3.5,4,3,26.08,1,3,1102.0
28,56.0,1.5,193,128,56,1.94,16.7,2.7,5,3,24.89,0,2,1242.0
21,101.2,1.84,181,132,50,1.3,24.3,3.3,2,1,29.89,1,3,944.0
32,56.6,1.57,170,167,72,1.65,15.7,2.7,4,3,22.96,0,1,1378.0
23,40.9,1.75,167,145,61,0.82,25.2,2.1,3,1,13.36,0,3,594.0
47,127.8,1.65,198,157,60,0.77,28.7,3.5,2,1,46.94,1,0,598.0
55,49.3,1.76,194,161,73,1.28,30.5,2.0,2,1,15.92,0,2,927.0
19,64.3,1.63,197,132,57,1.87,18.0,2.7,5,3,24.2,0,0,1234.0
32,49.3,1.62,167,158,74,1.18,29.3,2.5,3,2,18.79,1,2,1025.0
28,63.0,1.62,196,147,55,0.68,31.7,1.9,2,1,24.01,0,2,500.0
25,41.1,1.67,186,138,71,1.03,31.9,2.4,3,2,14.74,0,3,711.0
43,40.5,1.74,187,143,51,1.5,32.9,2.2,3,2,13.38,0,1,965.0
22,71.0,1.62,199,138,68,0.91,21.2,3.5,2,1,27.05,1,1,691.0
23,60.9,1.62,193,168,69,1.59,16.8,2.7,5,3,23.21,0,0,1336.0
43,64.7,1.66,191,132,69,1.88,19.8,2.7,4,3,23.48,0,3,1117.0
21,51.0,1.71,174,132,73,1.07,34.2,2.2,3,2,17.44,0,1,706.0
36,57.7,1.77,176,147,63,1.65,19.4,2.7,4,3,18.42,0,2,1213.0
37,76.9,1.82,192,121,50,1.49,24.5,2.8,4,2,23.22,1,2,992.0
50,80.5,1.77,175,129,59,1.85,14.3,3.5,4,3,25.7,1,3,1181.0
37,73.3,1.74,188,141,65,1.03,25.5,2.4,3,2,24.21,0,0,726.0
29,49.0,1.57,168,132,53,1.33,26.5,2.6,3,2,19.88,0,3,878.0
18,114.5,1.97,192,128,60,1.03,24.1,2.6,3,1,29.5,1,0,725.0
43,81.0,1.78,188,152,65,1.58,12.4,3.5,5,3,25.56,1,3,1189.0
31,53.5,1.76,172,133,69,1.22,27.6,1.8,4,2,17.27,0,2,811.0
55,52.1,1.68,180,167,50,0.77,23.6,3.0,3,1,18.46,1,3,637.0
54,70.1,1.52,180,139,65,0.76,26.6,2.1,2,1,30.34,0,1,475.0
28,86.9,1.78,164,134,68,1.29,24.9,3.7,4,2,27.43,1,1,951.0
53,73.4,1.76,169,151,70,1.09,27.9,2.8,3,2,23.7,1,3,815.0
30,90.0,1.66,165,152,71,1.32,26.6,2.1,4,2,32.66,1,0,1104.0
20,85.7,1.92,172,136,58,1.72,10.5,3.5,5,3,23.25,1,0,1287.0
50,70.4,1.55,160,143,58,0.73,29.9,2.7,2,1,29.3,0,2,470.0
23,57.7,1.71,179,149,58,1.15,27.0,3.4,3,2,19.73,1,2,942.0
27,75.7,1.76,167,132,66,0.68,25.3,2.3,3,1,24.44,1,0,494.0
22,61.8,1.52,169,166,61,1.83,17.0,2.7,5,3,26.75,0,3,1519.0
40,80.3,1.76,168,167,74,1.63,13.1,3.5,5,3,25.92,1,2,1497.0
27,104.3,1.68,162,135,62,1.28,29.7,3.5,3,2,36.95,1,0,950.0
19,65.7,1.58,170,121,57,1.46,25.9,1.9,3,2,26.32,0,0,883.0
30,120.3,1.96,171,136,65,0.66,23.9,2.6,2,1,31.32,1,3,494.0
57,51.9,1.57,169,151,67,1.05,29.1,2.6,3,2,21.06,0,1,713.0
19,59.1,1.57,184,162,50,1.65,17.9,2.7,5,3,23.98,0,0,1336.0
37,66.9,1.75,184,127,50,1.38,26.5,2.1,4,2,21.84,0,2,876.0
18,66.9,1.75,170,122,61,0.94,26.8,1.7,2,1,21.84,0,3,573.0
54,78.7,1.66,195,131,55,1.42,22.9,2.6,3,2,28.56,1,3,921.0
26,62.4,1.61,198,139,58,1.88,19.8,2.7,4,3,24.07,0,3,1307.0
34,102.1,1.71,185,135,72,0.96,27.3,3.2,2,1,34.92,1,1,713.0
26,51.9,2.0,173,133,54,0.75,26.6,2.3,2,1,12.97,1,1,549.0
28,58.3,2.0,198,135,65,1.32,28.2,3.0,4,2,14.57,1,2,980.0
32,89.8,1.92,199,168,67,1.93,10.6,3.5,4,3,24.36,1,2,1783.0
41,101.1,1.83,160,162,66,0.79,28.6,3.2,2,1,30.19,1,3,634.0
55,118.6,1.72,163,168,67,0.77,25.9,2.6,3,1,40.09,1,2,640.0
52,84.8,1.85,189,152,50,1.19,23.4,3.2,2,1,24.78,1,0,895.0
47,80.0,1.77,171,149,68,0.72,28.2,3.5,3,1,25.54,1,1,531.0
48,73.1,1.83,194,131,71,1.05,28.0,2.8,4,2,21.83,1,3,681.0
22,117.3,1.68,172,134,57,1.24,28.5,2.7,3,2,41.56,1,3,914.0
31,77.4,1.71,190,137,52,1.26,26.2,1.8,4,2,26.47,0,0,863.0
28,72.9,1.67,197,147,74,1.13,34.7,2.2,3,2,26.14,0,0,831.0
26,71.2,1.5,182,142,54,1.15,34.6,2.6,2,1,31.64,0,0,816.0
51,88.2,1.62,163,133,72,1.56,11.8,3.5,4,3,33.61,1,0,1027.0
29,75.6,1.8,175,149,57,1.31,25.7,1.9,4,2,23.33,0,3,976.0
52,57.9,1.56,166,152,68,1.66,15.8,2.7,4,3,23.79,0,1,1135.0
52,70.6,1.58,181,164,67,1.02,34.9,2.0,3,2,28.28,0,1,753.0
18,118.6,1.64,188,134,67,0.94,25.6,2.7,3,1,44.1,1,0,693.0
57,55.7,1.99,170,126,70,1.13,23.6,3.0,3,2,14.07,1,2,705.0
39,102.3,1.94,192,134,50,0.89,22.9,2.4,3,1,27.18,1,3,656.0
46,72.6,1.87,188,161,64,1.31,22.6,3.4,4,2,20.76,1,1,1044.0
25,63.8,1.68,198,165,67,0.95,31.6,1.9,2,1,22.6,0,0,784.0
28,67.3,1.67,171,157,74,0.61,29.2,2.3,3,1,24.13,0,2,479.0
58,59.3,1.58,166,165,56,1.97,19.8,2.7,4,3,23.75,0,2,1463.0
54,70.7,1.57,198,163,65,1.14,31.8,2.1,3,1,28.68,0,0,836.0
31,86.9,1.69,185,130,65,1.72,14.0,3.5,4,3,30.43,1,3,1230.0
47,98.2,1.9,199,148,64,0.76,22.9,3.0,3,1,27.2,1,1,557.0
52,63.6,1.62,168,150,55,1.3,20.8,2.3,4,2,24.23,1,2,965.0
38,45.2,1.68,193,144,58,1.01,29.9,2.4,3,2,16.01,0,1,727.0
54,117.2,1.62,172,143,56,1.04,23.1,2.3,4,2,44.66,1,1,736.0
22,107.4,1.74,195,138,63,1.34,22.0,2.2,2,1,35.47,1,2,1017.0
36,59.1,1.78,184,121,60,0.85,34.5,2.2,2,1,18.65,0,0,514.0
31,53.3,1.64,183,141,70,0.57,29.4,2.4,3,1,19.82,0,2,402.0
43,46.2,1.63,176,139,65,1.18,21.7,2.1,2,1,17.39,1,2,812.0
21,67.0,1.61,161,152,74,1.32,22.0,2.1,3,2,25.85,1,3,1104.0
42,86.3,1.77,172,127,55,1.77,11.4,3.5,4,3,27.55,1,1,1113.0
59,85.5,1.67,190,144,71,1.99,15.0,3.5,5,3,30.66,1,0,1418.0
42,70.2,1.87,188,165,65,1.38,22.7,3.4,3,2,20.07,1,1,1127.0
35,127.1,1.62,187,128,69,1.02,23.3,3.4,4,2,48.43,1,2,718.0
57,75.6,1.67,186,153,65,1.05,31.6,1.8,3,2,27.11,0,0,723.0
25,62.6,1.65,174,142,61,1.2,27.9,2.2,3,1,22.99,0,0,852.0
56,55.7,1.53,190,124,66,1.91,16.1,2.7,5,3,23.79,0,0,1066.0
57,96.1,1.74,199,144,54,1.21,21.6,2.8,3,2,31.74,1,0,862.0
31,76.7,1.62,174,127,74,1.39,28.1,2.3,4,2,29.23,0,3,883.0
49,57.2,1.89,192,135,62,1.14,21.1,3.5,2,1,16.01,1,0,762.0
55,69.9,1.81,179,167,57,1.2,20.2,2.1,4,2,21.34,1,2,992.0
50,67.9,1.77,171,164,73,1.03,33.0,2.4,3,2,21.67,0,3,760.0
40,87.9,1.87,196,134,54,1.96,10.7,3.5,5,3,25.14,1,2,1445.0
32,102.8,1.98,168,120,61,1.24,27.8,2.8,3,2,26.22,1,2,818.0
50,51.8,1.5,182,141,58,1.32,33.0,2.2,3,1,23.02,0,1,838.0
42,57.7,1.57,167,122,52,1.83,17.7,2.7,4,3,23.41,0,0,1005.0
34,66.5,1.69,191,157,52,0.81,28.1,2.3,3,1,23.28,0,0,636.0
50,95.4,1.61,173,133,50,1.16,21.5,3.6,4,2,36.8,1,2,764.0
19,69.2,1.6,186,155,74,1.17,32.4,1.6,3,1,27.03,0,0,907.0
31,66.6,1.67,184,137,71,1.02,31.0,1.5,4,2,23.88,0,3,699.0
57,83.4,1.65,172,166,67,1.57,13.3,3.5,4,3,30.63,1,1,1290.0
57,43.8,1.75,180,160,73,1.39,25.1,1.7,2,1,14.3,0,0,1001.0
56,64.2,1.69,190,137,61,1.99,19.6,2.7,5,3,22.48,0,0,1227.0
23,44.1,1.62,196,122,58,0.58,25.7,2.7,2,1,16.8,0,3,354.0
23,87.3,1.91,164,129,58,1.87,11.8,3.5,5,3,23.93,1,1,1327.0
20,55.0,1.6,172,168,67,1.12,24.0,3.2,4,2,21.48,1,3,1035.0
24,87.1,1.74,187,158,67,1.57,10.0,3.5,4,3,28.77,1,2,1364.0
25,66.6,1.61,184,166,56,1.38,25.0,3.0,2,1,25.69,1,2,1260.0
59,60.4,1.76,194,120,53,1.72,18.8,2.7,5,3,19.5,0,0,929.0
32,126.4,1.83,198,146,62,1.1,28.2,2.1,3,2,37.74,1,1,883.0
46,88.7,1.63,166,146,66,0.75,28.8,3.5,2,1,33.38,1,2,542.0
